user_id,product_id,quantity,total_price,true_label,pred_label
64,63,0,0.0,0,0
56,138,0,0.0,0,0
64,159,0,0.0,0,0
39,132,0,0.0,0,0
56,98,0,0.0,0,0
149,38,0,0.0,0,0
146,79,0,0.0,0,0
133,175,0,0.0,0,0
144,69,0,0.0,0,0
28,145,0,0.0,0,0
37,76,0,0.0,0,0
91,76,0,0.0,0,0
33,135,0,0.0,0,0
52,164,0,0.0,0,0
136,89,0,0.0,0,0
17,123,0,0.0,0,0
16,24,4,404.84,1,1
12,20,0,0.0,0,0
29,80,4,719.12,1,1
80,68,0,0.0,0,0
69,56,0,0.0,0,0
109,25,0,0.0,0,0
14,58,0,0.0,0,0
91,10,0,0.0,0,0
106,64,0,0.0,0,0
27,178,0,0.0,0,0
129,190,0,0.0,0,0
65,124,0,0.0,0,0
20,184,0,0.0,0,0
133,170,0,0.0,0,0
113,112,0,0.0,0,0
3,40,0,0.0,0,0
125,8,0,0.0,0,0
21,112,0,0.0,0,0
57,140,0,0.0,0,0
81,173,0,0.0,0,0
93,132,0,0.0,0,0
13,71,0,0.0,0,0
91,69,0,0.0,0,0
111,34,0,0.0,0,0
91,108,0,0.0,0,0
72,69,0,0.0,0,0
93,116,0,0.0,0,0
98,141,0,0.0,0,0
107,68,0,0.0,0,0
136,185,0,0.0,0,0
149,147,0,0.0,0,0
115,20,0,0.0,0,0
120,143,0,0.0,0,0
102,88,0,0.0,0,0
118,30,0,0.0,0,0
64,91,0,0.0,0,0
119,156,0,0.0,0,0
5,153,0,0.0,0,0
16,78,0,0.0,0,0
39,135,0,0.0,0,0
55,184,0,0.0,0,0
26,153,0,0.0,0,0
96,172,0,0.0,0,0
44,125,0,0.0,0,0
6,106,0,0.0,0,0
33,11,0,0.0,0,0
35,50,0,0.0,0,0
57,14,0,0.0,0,0
51,142,0,0.0,0,0
28,116,0,0.0,0,0
139,6,0,0.0,0,0
66,46,0,0.0,0,0
55,93,0,0.0,0,0
43,94,0,0.0,0,0
90,133,0,0.0,0,0
102,102,0,0.0,0,0
135,75,0,0.0,0,0
46,3,0,0.0,0,0
34,73,4,107.04,1,1
68,107,0,0.0,0,0
96,101,0,0.0,0,0
77,64,0,0.0,0,0
18,20,0,0.0,0,0
59,49,0,0.0,0,0
90,186,0,0.0,0,0
44,80,0,0.0,0,0
118,185,0,0.0,0,0
29,118,0,0.0,0,0
151,6,0,0.0,0,0
19,73,0,0.0,0,0
56,35,0,0.0,0,0
62,101,0,0.0,0,0
17,16,0,0.0,0,0
10,13,0,0.0,0,0
6,152,0,0.0,0,0
59,25,0,0.0,0,0
103,82,0,0.0,0,0
133,91,0,0.0,0,0
64,62,0,0.0,0,0
135,177,0,0.0,0,0
102,47,0,0.0,0,0
127,90,0,0.0,0,0
17,70,0,0.0,0,0
4,14,0,0.0,0,0
87,104,0,0.0,0,0
139,130,0,0.0,0,0
73,43,0,0.0,0,0
120,87,0,0.0,0,0
102,7,0,0.0,0,0
81,162,0,0.0,0,0
24,97,0,0.0,0,0
44,71,0,0.0,0,0
27,80,0,0.0,0,0
77,7,0,0.0,0,0
151,68,0,0.0,0,0
39,185,0,0.0,0,0
79,104,0,0.0,0,0
144,81,0,0.0,0,0
85,137,0,0.0,0,0
71,146,0,0.0,0,0
41,170,0,0.0,0,0
118,173,0,0.0,0,0
66,151,0,0.0,0,0
136,56,0,0.0,0,0
30,20,0,0.0,0,0
127,28,0,0.0,0,0
150,32,0,0.0,0,0
62,36,0,0.0,0,0
57,27,0,0.0,0,0
23,49,0,0.0,0,0
150,48,0,0.0,0,0
22,44,0,0.0,0,0
59,156,0,0.0,0,0
78,186,0,0.0,0,0
111,20,5,499.1,1,1
29,88,0,0.0,0,0
137,122,0,0.0,0,0
26,182,0,0.0,0,0
101,166,0,0.0,0,0
133,17,0,0.0,0,0
134,86,0,0.0,0,0
37,164,0,0.0,0,0
141,50,0,0.0,0,0
115,62,0,0.0,0,0
92,70,0,0.0,0,0
6,137,0,0.0,0,0
63,18,0,0.0,0,0
120,27,0,0.0,0,0
4,69,0,0.0,0,0
147,11,0,0.0,0,0
76,129,0,0.0,0,0
71,168,0,0.0,0,0
75,120,0,0.0,0,0
32,118,0,0.0,0,0
119,36,0,0.0,0,0
25,160,0,0.0,0,0
32,93,0,0.0,0,0
85,114,0,0.0,0,0
130,109,0,0.0,0,0
53,182,0,0.0,0,0
49,173,0,0.0,0,0
68,32,0,0.0,0,0
150,52,0,0.0,0,0
75,113,0,0.0,0,0
30,47,0,0.0,0,0
70,160,0,0.0,0,0
113,105,0,0.0,0,0
92,185,2,191.16,1,1
128,156,0,0.0,0,0
151,5,0,0.0,0,0
14,142,0,0.0,0,0
13,119,0,0.0,0,0
87,147,4,85.04,1,1
138,156,0,0.0,0,0
105,117,0,0.0,0,0
85,64,0,0.0,0,0
142,158,0,0.0,0,0
99,140,0,0.0,0,0
50,75,0,0.0,0,0
63,163,0,0.0,0,0
12,101,0,0.0,0,0
98,119,0,0.0,0,0
139,82,0,0.0,0,0
143,154,0,0.0,0,0
121,12,0,0.0,0,0
83,64,0,0.0,0,0
98,10,0,0.0,0,0
148,59,0,0.0,0,0
141,71,0,0.0,0,0
125,98,0,0.0,0,0
133,116,0,0.0,0,0
9,4,0,0.0,0,0
75,71,0,0.0,0,0
148,153,0,0.0,0,0
5,63,0,0.0,0,0
145,168,0,0.0,0,0
110,181,0,0.0,0,0
68,163,0,0.0,0,0
102,36,0,0.0,0,0
12,181,0,0.0,0,0
44,93,0,0.0,0,0
75,111,0,0.0,0,0
112,146,0,0.0,0,0
146,29,0,0.0,0,0
66,181,0,0.0,0,0
17,39,0,0.0,0,0
70,156,0,0.0,0,0
86,128,0,0.0,0,0
124,129,0,0.0,0,0
50,180,0,0.0,0,0
64,92,0,0.0,0,0
43,10,0,0.0,0,0
134,173,1,121.56,1,1
40,185,0,0.0,0,0
128,160,0,0.0,0,0
122,20,0,0.0,0,0
85,104,0,0.0,0,0
71,77,0,0.0,0,0
14,139,0,0.0,0,0
51,49,0,0.0,0,0
125,53,0,0.0,0,0
112,187,0,0.0,0,0
105,111,0,0.0,0,0
9,135,0,0.0,0,0
9,3,0,0.0,0,0
31,180,0,0.0,0,0
44,15,0,0.0,0,0
83,89,0,0.0,0,0
143,28,0,0.0,0,0
144,51,0,0.0,0,0
78,119,0,0.0,0,0
107,144,0,0.0,0,0
29,109,0,0.0,0,0
47,46,0,0.0,0,0
137,29,0,0.0,0,0
28,129,0,0.0,0,0
107,51,0,0.0,0,0
108,59,0,0.0,0,0
134,23,0,0.0,0,0
84,31,0,0.0,0,0
143,177,0,0.0,0,0
143,69,0,0.0,0,0
17,167,5,257.7,1,1
40,66,0,0.0,0,0
37,13,0,0.0,0,0
41,10,0,0.0,0,0
37,14,0,0.0,0,0
80,148,0,0.0,0,0
1,78,0,0.0,0,0
102,74,0,0.0,0,0
144,14,0,0.0,0,0
28,20,0,0.0,0,0
90,134,0,0.0,0,0
48,165,0,0.0,0,0
128,147,0,0.0,0,0
43,6,0,0.0,0,0
7,116,0,0.0,0,0
76,140,0,0.0,0,0
22,144,1,152.93,1,1
141,135,0,0.0,0,0
151,157,0,0.0,0,0
62,131,0,0.0,0,0
55,28,0,0.0,0,0
127,180,0,0.0,0,0
127,70,0,0.0,0,0
28,95,0,0.0,0,0
17,1,0,0.0,0,0
22,148,0,0.0,0,0
84,113,0,0.0,0,0
34,70,0,0.0,0,0
123,174,0,0.0,0,0
11,61,0,0.0,0,0
17,155,0,0.0,0,0
104,37,0,0.0,0,0
132,71,0,0.0,0,0
76,44,0,0.0,0,0
32,123,0,0.0,0,0
36,6,0,0.0,0,0
141,114,0,0.0,0,0
7,71,0,0.0,0,0
145,122,0,0.0,0,0
43,150,0,0.0,0,0
73,114,0,0.0,0,0
123,152,0,0.0,0,0
135,152,0,0.0,0,0
6,35,0,0.0,0,0
137,101,0,0.0,0,0
59,55,0,0.0,0,0
18,2,0,0.0,0,0
120,166,0,0.0,0,0
116,39,0,0.0,0,0
112,11,0,0.0,0,0
60,119,0,0.0,0,0
138,178,0,0.0,0,0
115,137,0,0.0,0,0
43,129,0,0.0,0,0
5,166,0,0.0,0,0
66,121,0,0.0,0,0
67,175,0,0.0,0,0
70,111,0,0.0,0,0
69,12,0,0.0,0,0
26,51,0,0.0,0,0
103,120,0,0.0,0,0
35,93,0,0.0,0,0
37,60,0,0.0,0,0
136,34,0,0.0,0,0
107,34,0,0.0,0,0
36,167,0,0.0,0,0
140,165,0,0.0,0,0
3,119,0,0.0,0,0
63,56,0,0.0,0,0
83,119,0,0.0,0,0
98,131,0,0.0,0,0
77,87,0,0.0,0,0
12,46,0,0.0,0,0
146,72,0,0.0,0,0
133,42,0,0.0,0,0
25,57,0,0.0,0,0
145,151,0,0.0,0,0
71,187,0,0.0,0,0
117,71,0,0.0,0,0
111,113,0,0.0,0,0
6,69,0,0.0,0,0
88,47,0,0.0,0,0
84,86,0,0.0,0,0
43,68,0,0.0,0,0
34,117,0,0.0,0,0
112,112,0,0.0,0,0
114,13,0,0.0,0,0
36,188,0,0.0,0,0
34,24,0,0.0,0,0
35,96,0,0.0,0,0
33,53,0,0.0,0,0
114,144,0,0.0,0,0
82,87,0,0.0,0,0
18,45,0,0.0,0,0
101,74,0,0.0,0,0
144,27,0,0.0,0,0
2,171,0,0.0,0,0
125,18,0,0.0,0,0
42,33,0,0.0,0,0
64,19,0,0.0,0,0
41,46,0,0.0,0,0
16,148,0,0.0,0,0
40,8,0,0.0,0,0
90,187,0,0.0,0,0
118,50,0,0.0,0,0
109,159,0,0.0,0,0
45,152,0,0.0,0,0
56,180,0,0.0,0,0
126,94,0,0.0,0,0
125,86,0,0.0,0,0
126,97,0,0.0,0,0
24,83,0,0.0,0,0
107,127,0,0.0,0,0
74,142,0,0.0,0,0
30,104,0,0.0,0,0
110,103,0,0.0,0,0
81,82,0,0.0,0,0
148,92,0,0.0,0,0
72,78,0,0.0,0,0
16,94,0,0.0,0,0
144,17,0,0.0,0,0
103,85,0,0.0,0,0
97,66,0,0.0,0,0
13,32,0,0.0,0,0
65,64,0,0.0,0,0
79,187,0,0.0,0,0
80,50,0,0.0,0,0
94,46,0,0.0,0,0
69,19,0,0.0,0,0
32,112,0,0.0,0,0
24,174,0,0.0,0,0
29,13,0,0.0,0,0
95,104,0,0.0,0,0
85,10,0,0.0,0,0
76,19,0,0.0,0,0
93,11,0,0.0,0,0
103,68,0,0.0,0,0
103,94,0,0.0,0,0
78,1,0,0.0,0,0
17,5,0,0.0,0,0
108,17,0,0.0,0,0
39,52,0,0.0,0,0
5,55,0,0.0,0,0
123,177,0,0.0,0,0
109,62,0,0.0,0,0
60,104,0,0.0,0,0
148,25,0,0.0,0,0
12,183,0,0.0,0,0
9,156,0,0.0,0,0
66,17,0,0.0,0,0
149,118,0,0.0,0,0
54,141,0,0.0,0,0
86,42,0,0.0,0,0
51,51,0,0.0,0,0
83,56,0,0.0,0,0
116,110,0,0.0,0,0
36,133,0,0.0,0,0
68,25,0,0.0,0,0
118,31,0,0.0,0,0
109,106,0,0.0,0,0
29,92,0,0.0,0,0
74,183,0,0.0,0,0
97,80,0,0.0,0,0
99,102,0,0.0,0,0
82,174,0,0.0,0,0
84,110,0,0.0,0,0
60,94,0,0.0,0,0
42,166,0,0.0,0,0
84,15,0,0.0,0,0
99,30,3,519.72,1,1
145,175,0,0.0,0,0
120,35,0,0.0,0,0
15,19,0,0.0,0,0
12,65,0,0.0,0,0
1,168,0,0.0,0,0
91,138,0,0.0,0,0
30,15,0,0.0,0,0
39,48,0,0.0,0,0
56,4,0,0.0,0,0
65,173,0,0.0,0,0
34,185,0,0.0,0,0
133,128,0,0.0,0,0
69,171,0,0.0,0,0
58,114,0,0.0,0,0
71,171,0,0.0,0,0
86,176,0,0.0,0,0
66,133,0,0.0,0,0
117,130,0,0.0,0,0
114,45,0,0.0,0,0
10,2,0,0.0,0,0
60,88,0,0.0,0,0
108,18,0,0.0,0,0
70,61,0,0.0,0,0
134,177,0,0.0,0,0
30,148,0,0.0,0,0
2,46,0,0.0,0,0
62,175,0,0.0,0,0
58,19,0,0.0,0,0
40,10,0,0.0,0,0
112,25,0,0.0,0,0
43,88,0,0.0,0,0
37,99,4,379.44,1,1
142,76,0,0.0,0,0
18,164,0,0.0,0,0
31,51,0,0.0,0,0
130,118,0,0.0,0,0
148,93,0,0.0,0,0
100,7,0,0.0,0,0
87,133,0,0.0,0,0
16,68,0,0.0,0,0
48,62,0,0.0,0,0
2,45,0,0.0,0,0
143,25,0,0.0,0,0
110,12,0,0.0,0,0
81,10,0,0.0,0,0
101,97,0,0.0,0,0
73,36,0,0.0,0,0
81,52,0,0.0,0,0
3,4,6,300.0,1,1
1,150,0,0.0,0,0
77,19,0,0.0,0,0
25,106,0,0.0,0,0
103,146,0,0.0,0,0
82,22,0,0.0,0,0
2,120,0,0.0,0,0
12,89,0,0.0,0,0
80,34,0,0.0,0,0
18,67,0,0.0,0,0
39,32,0,0.0,0,0
4,16,0,0.0,0,0
128,168,0,0.0,0,0
93,184,0,0.0,0,0
96,82,0,0.0,0,0
85,153,0,0.0,0,0
85,160,0,0.0,0,0
126,136,0,0.0,0,0
141,149,0,0.0,0,0
51,33,0,0.0,0,0
101,184,0,0.0,0,0
122,156,0,0.0,0,0
75,12,0,0.0,0,0
44,146,0,0.0,0,0
139,32,0,0.0,0,0
137,26,0,0.0,0,0
120,185,0,0.0,0,0
36,98,0,0.0,0,0
63,58,0,0.0,0,0
81,69,0,0.0,0,0
132,29,0,0.0,0,0
11,53,0,0.0,0,0
8,122,0,0.0,0,0
148,42,0,0.0,0,0
17,148,0,0.0,0,0
65,162,0,0.0,0,0
123,9,0,0.0,0,0
15,102,0,0.0,0,0
22,159,0,0.0,0,0
133,44,0,0.0,0,0
64,126,0,0.0,0,0
52,123,0,0.0,0,0
11,131,0,0.0,0,0
96,176,0,0.0,0,0
129,162,0,0.0,0,0
139,111,0,0.0,0,0
24,17,0,0.0,0,0
135,32,0,0.0,0,0
99,96,0,0.0,0,0
54,133,0,0.0,0,0
28,87,0,0.0,0,0
150,186,0,0.0,0,0
104,40,0,0.0,0,0
50,7,0,0.0,0,0
32,20,0,0.0,0,0
34,88,0,0.0,0,0
74,32,0,0.0,0,0
32,66,0,0.0,0,0
35,61,0,0.0,0,0
66,8,0,0.0,0,0
19,181,0,0.0,0,0
121,176,0,0.0,0,0
16,138,0,0.0,0,0
128,46,0,0.0,0,0
91,123,0,0.0,0,0
115,28,0,0.0,0,0
144,48,0,0.0,0,0
19,184,0,0.0,0,0
30,110,0,0.0,0,0
87,57,0,0.0,0,0
148,9,0,0.0,0,0
98,148,0,0.0,0,0
6,114,0,0.0,0,0
91,51,0,0.0,0,0
33,176,0,0.0,0,0
115,9,0,0.0,0,0
112,30,0,0.0,0,0
104,145,0,0.0,0,0
16,81,0,0.0,0,0
31,56,0,0.0,0,0
57,179,0,0.0,0,0
115,152,0,0.0,0,0
3,180,0,0.0,0,0
119,5,0,0.0,0,0
50,85,1,147.31,1,1
24,68,0,0.0,0,0
107,158,0,0.0,0,0
131,68,0,0.0,0,0
135,97,0,0.0,0,0
54,88,0,0.0,0,0
48,69,0,0.0,0,0
37,171,0,0.0,0,0
148,40,0,0.0,0,0
74,76,0,0.0,0,0
93,27,0,0.0,0,0
130,102,0,0.0,0,0
20,67,0,0.0,0,0
119,18,0,0.0,0,0
131,29,0,0.0,0,0
88,62,0,0.0,0,0
102,157,0,0.0,0,0
140,144,0,0.0,0,0
49,47,0,0.0,0,0
76,145,0,0.0,0,0
122,186,0,0.0,0,0
5,98,0,0.0,0,0
59,53,0,0.0,0,0
74,169,0,0.0,0,0
116,79,0,0.0,0,0
120,77,0,0.0,0,0
39,12,0,0.0,0,0
147,114,0,0.0,0,0
43,140,0,0.0,0,0
123,124,0,0.0,0,0
49,147,0,0.0,0,0
105,53,0,0.0,0,0
82,74,0,0.0,0,0
52,162,0,0.0,0,0
116,163,0,0.0,0,0
127,51,0,0.0,0,0
36,24,0,0.0,0,0
121,178,0,0.0,0,0
56,69,0,0.0,0,0
70,40,0,0.0,0,0
103,108,0,0.0,0,0
94,44,0,0.0,0,0
55,155,0,0.0,0,0
130,62,0,0.0,0,0
137,150,0,0.0,0,0
134,149,0,0.0,0,0
37,56,0,0.0,0,0
149,96,0,0.0,0,0
21,92,0,0.0,0,0
121,1,0,0.0,0,0
18,186,0,0.0,0,0
6,124,0,0.0,0,0
75,19,0,0.0,0,0
19,141,0,0.0,0,0
22,90,0,0.0,0,0
9,31,0,0.0,0,0
13,93,0,0.0,0,0
11,82,0,0.0,0,0
143,21,0,0.0,0,0
14,53,0,0.0,0,0
25,189,0,0.0,0,0
138,53,0,0.0,0,0
65,24,0,0.0,0,0
16,133,0,0.0,0,0
94,26,0,0.0,0,0
76,6,0,0.0,0,0
72,174,0,0.0,0,0
77,47,0,0.0,0,0
102,52,0,0.0,0,0
148,16,0,0.0,0,0
105,98,0,0.0,0,0
50,25,0,0.0,0,0
144,75,0,0.0,0,0
64,139,0,0.0,0,0
95,184,0,0.0,0,0
131,37,0,0.0,0,0
132,19,0,0.0,0,0
38,107,0,0.0,0,0
128,71,0,0.0,0,0
88,42,0,0.0,0,0
79,100,0,0.0,0,0
82,139,2,156.58,1,1
43,78,0,0.0,0,0
75,63,0,0.0,0,0
64,6,0,0.0,0,0
147,49,0,0.0,0,0
13,105,0,0.0,0,0
14,127,0,0.0,0,0
95,133,0,0.0,0,0
109,46,0,0.0,0,0
46,110,0,0.0,0,0
74,134,0,0.0,0,0
28,104,0,0.0,0,0
47,13,0,0.0,0,0
61,101,0,0.0,0,0
37,23,0,0.0,0,0
92,8,0,0.0,0,0
17,154,0,0.0,0,0
148,35,0,0.0,0,0
15,105,0,0.0,0,0
26,180,4,60.36,1,1
148,135,0,0.0,0,0
139,148,0,0.0,0,0
31,189,0,0.0,0,0
7,28,0,0.0,0,0
71,103,0,0.0,0,0
59,34,0,0.0,0,0
55,109,0,0.0,0,0
143,81,0,0.0,0,0
77,3,0,0.0,0,0
39,31,5,382.4,1,1
112,28,0,0.0,0,0
10,33,0,0.0,0,0
64,23,0,0.0,0,0
52,176,0,0.0,0,0
45,69,0,0.0,0,0
1,61,0,0.0,0,0
132,89,0,0.0,0,0
95,137,0,0.0,0,0
123,187,0,0.0,0,0
82,148,0,0.0,0,0
113,153,0,0.0,0,0
28,154,0,0.0,0,0
59,128,0,0.0,0,0
73,184,0,0.0,0,0
22,151,0,0.0,0,0
64,57,0,0.0,0,0
67,23,0,0.0,0,0
17,28,0,0.0,0,0
30,28,0,0.0,0,0
36,88,0,0.0,0,0
58,101,0,0.0,0,0
100,71,0,0.0,0,0
104,123,0,0.0,0,0
140,132,0,0.0,0,0
108,22,0,0.0,0,0
84,170,0,0.0,0,0
147,155,0,0.0,0,0
133,181,0,0.0,0,0
3,87,0,0.0,0,0
146,53,0,0.0,0,0
129,119,0,0.0,0,0
68,131,0,0.0,0,0
97,169,0,0.0,0,0
139,95,0,0.0,0,0
134,82,0,0.0,0,0
31,149,0,0.0,0,0
24,169,0,0.0,0,0
75,129,0,0.0,0,0
63,66,0,0.0,0,0
48,118,0,0.0,0,0
62,100,0,0.0,0,0
126,29,0,0.0,0,0
6,73,0,0.0,0,0
80,40,0,0.0,0,0
14,118,0,0.0,0,0
149,141,0,0.0,0,0
20,27,0,0.0,0,0
141,57,0,0.0,0,0
51,133,0,0.0,0,0
120,164,0,0.0,0,0
148,52,0,0.0,0,0
117,46,0,0.0,0,0
131,5,0,0.0,0,0
126,137,0,0.0,0,0
67,105,0,0.0,0,0
37,170,0,0.0,0,0
112,82,0,0.0,0,0
5,73,0,0.0,0,0
90,38,0,0.0,0,0
96,68,0,0.0,0,0
131,45,0,0.0,0,0
100,90,0,0.0,0,0
79,173,0,0.0,0,0
60,67,0,0.0,0,0
105,18,0,0.0,0,0
70,137,0,0.0,0,0
145,42,0,0.0,0,0
94,89,0,0.0,0,0
99,16,0,0.0,0,0
14,87,0,0.0,0,0
75,24,0,0.0,0,0
69,101,0,0.0,0,0
134,15,0,0.0,0,0
110,42,0,0.0,0,0
52,81,0,0.0,0,0
94,94,0,0.0,0,0
30,144,0,0.0,0,0
4,60,0,0.0,0,0
17,76,4,578.24,1,1
102,10,0,0.0,0,0
87,158,0,0.0,0,0
36,81,0,0.0,0,0
136,47,0,0.0,0,0
77,151,0,0.0,0,0
95,7,0,0.0,0,0
45,187,0,0.0,0,0
128,51,0,0.0,0,0
108,113,0,0.0,0,0
56,19,0,0.0,0,0
16,157,0,0.0,0,0
133,48,0,0.0,0,0
69,110,0,0.0,0,0
136,7,0,0.0,0,0
101,73,0,0.0,0,0
33,101,0,0.0,0,0
104,189,0,0.0,0,0
26,157,0,0.0,0,0
147,112,0,0.0,0,0
142,72,0,0.0,0,0
93,91,0,0.0,0,0
45,114,2,27.72,1,1
131,135,0,0.0,0,0
33,86,0,0.0,0,0
110,67,0,0.0,0,0
106,49,0,0.0,0,0
37,34,0,0.0,0,0
25,50,0,0.0,0,0
141,39,0,0.0,0,0
44,98,0,0.0,0,0
14,2,0,0.0,0,0
131,69,0,0.0,0,0
110,13,0,0.0,0,0
117,3,0,0.0,0,0
53,123,0,0.0,0,0
30,125,0,0.0,0,0
108,4,0,0.0,0,0
94,14,0,0.0,0,0
24,18,0,0.0,0,0
32,121,0,0.0,0,0
133,129,0,0.0,0,0
35,79,0,0.0,0,0
62,11,0,0.0,0,0
19,106,0,0.0,0,0
49,32,0,0.0,0,0
92,60,0,0.0,0,0
5,51,0,0.0,0,0
148,14,0,0.0,0,0
123,155,0,0.0,0,0
45,105,0,0.0,0,0
144,73,0,0.0,0,0
39,19,0,0.0,0,0
50,83,0,0.0,0,0
13,136,0,0.0,0,0
98,45,0,0.0,0,0
91,48,0,0.0,0,0
90,104,0,0.0,0,0
7,171,0,0.0,0,0
41,147,0,0.0,0,0
42,165,0,0.0,0,0
11,64,0,0.0,0,0
37,29,0,0.0,0,0
84,130,0,0.0,0,0
122,39,0,0.0,0,0
56,28,0,0.0,0,0
14,137,0,0.0,0,0
138,1,0,0.0,0,0
128,7,0,0.0,0,0
34,43,0,0.0,0,0
56,57,0,0.0,0,0
39,94,0,0.0,0,0
39,141,0,0.0,0,0
115,36,0,0.0,0,0
115,96,0,0.0,0,0
14,16,0,0.0,0,0
114,91,0,0.0,0,0
22,6,0,0.0,0,0
69,170,0,0.0,0,0
64,21,0,0.0,0,0
84,37,0,0.0,0,0
146,106,0,0.0,0,0
5,6,0,0.0,0,0
55,159,0,0.0,0,0
106,127,0,0.0,0,0
80,118,0,0.0,0,0
92,90,0,0.0,0,0
95,120,0,0.0,0,0
30,60,0,0.0,0,0
148,172,0,0.0,0,0
17,58,0,0.0,0,0
42,9,0,0.0,0,0
45,120,0,0.0,0,0
47,5,0,0.0,0,0
117,27,0,0.0,0,0
7,67,0,0.0,0,0
107,190,3,97.35,1,1
81,168,0,0.0,0,0
7,163,0,0.0,0,0
107,126,0,0.0,0,0
107,22,0,0.0,0,0
7,123,0,0.0,0,0
137,114,0,0.0,0,0
83,4,0,0.0,0,0
76,59,0,0.0,0,0
148,139,0,0.0,0,0
61,74,0,0.0,0,0
143,56,0,0.0,0,0
18,122,0,0.0,0,0
134,74,0,0.0,0,0
58,64,0,0.0,0,0
77,92,0,0.0,0,0
75,173,0,0.0,0,0
110,107,0,0.0,0,0
58,175,0,0.0,0,0
24,149,0,0.0,0,0
58,189,0,0.0,0,0
17,55,0,0.0,0,0
76,169,0,0.0,0,0
82,178,0,0.0,0,0
61,13,0,0.0,0,0
66,189,0,0.0,0,0
23,101,0,0.0,0,0
45,68,0,0.0,0,0
143,136,0,0.0,0,0
140,189,0,0.0,0,0
108,190,0,0.0,0,0
80,82,0,0.0,0,0
4,72,0,0.0,0,0
82,147,0,0.0,0,0
1,21,0,0.0,0,0
108,181,0,0.0,0,0
136,95,0,0.0,0,0
110,102,0,0.0,0,0
148,169,0,0.0,0,0
23,133,0,0.0,0,0
150,97,0,0.0,0,0
139,14,0,0.0,0,0
124,23,0,0.0,0,0
14,72,0,0.0,0,0
123,4,0,0.0,0,0
6,127,0,0.0,0,0
47,129,0,0.0,0,0
12,144,0,0.0,0,0
54,9,0,0.0,0,0
104,1,0,0.0,0,0
1,32,1,135.79,1,1
42,67,0,0.0,0,0
62,46,0,0.0,0,0
5,78,0,0.0,0,0
17,175,0,0.0,0,0
16,117,0,0.0,0,0
53,139,0,0.0,0,0
149,100,0,0.0,0,0
119,151,0,0.0,0,0
29,59,0,0.0,0,0
103,71,0,0.0,0,0
118,126,0,0.0,0,0
74,126,0,0.0,0,0
101,52,0,0.0,0,0
110,124,0,0.0,0,0
78,60,0,0.0,0,0
80,185,0,0.0,0,0
142,186,0,0.0,0,0
89,97,0,0.0,0,0
146,145,5,390.1,1,1
138,29,0,0.0,0,0
40,141,0,0.0,0,0
59,176,0,0.0,0,0
113,124,0,0.0,0,0
2,129,0,0.0,0,0
81,64,0,0.0,0,0
59,17,0,0.0,0,0
44,86,0,0.0,0,0
75,27,0,0.0,0,0
25,185,0,0.0,0,0
69,127,0,0.0,0,0
88,3,0,0.0,0,0
14,51,0,0.0,0,0
30,163,0,0.0,0,0
79,58,0,0.0,0,0
7,129,0,0.0,0,0
16,44,0,0.0,0,0
107,178,0,0.0,0,0
56,53,0,0.0,0,0
44,181,0,0.0,0,0
128,169,0,0.0,0,0
80,145,0,0.0,0,0
127,86,0,0.0,0,0
140,98,0,0.0,0,0
56,155,0,0.0,0,0
87,29,0,0.0,0,0
16,92,1,180.55,1,1
70,168,0,0.0,0,0
108,172,0,0.0,0,0
48,119,0,0.0,0,0
15,1,0,0.0,0,0
131,147,0,0.0,0,0
123,66,0,0.0,0,0
76,23,0,0.0,0,0
29,4,0,0.0,0,0
75,146,0,0.0,0,0
82,39,0,0.0,0,0
16,8,0,0.0,0,0
124,35,0,0.0,0,0
51,138,0,0.0,0,0
116,10,0,0.0,0,0
21,74,0,0.0,0,0
17,143,0,0.0,0,0
10,117,0,0.0,0,0
91,96,0,0.0,0,0
27,156,0,0.0,0,0
38,92,0,0.0,0,0
77,179,0,0.0,0,0
116,104,0,0.0,0,0
26,79,0,0.0,0,0
92,116,0,0.0,0,0
120,5,0,0.0,0,0
96,179,0,0.0,0,0
11,35,0,0.0,0,0
75,174,0,0.0,0,0
59,100,0,0.0,0,0
80,132,0,0.0,0,0
30,91,0,0.0,0,0
87,46,0,0.0,0,0
78,7,0,0.0,0,0
17,95,0,0.0,0,0
116,92,0,0.0,0,0
80,3,0,0.0,0,0
108,73,0,0.0,0,0
50,93,0,0.0,0,0
108,64,0,0.0,0,0
82,125,0,0.0,0,0
57,137,0,0.0,0,0
143,137,0,0.0,0,0
113,21,0,0.0,0,0
27,71,0,0.0,0,0
1,24,0,0.0,0,0
106,3,0,0.0,0,0
121,27,0,0.0,0,0
27,87,0,0.0,0,0
18,149,0,0.0,0,0
14,26,0,0.0,0,0
143,75,0,0.0,0,0
106,25,0,0.0,0,0
22,96,0,0.0,0,0
63,62,0,0.0,0,0
82,129,0,0.0,0,0
74,49,0,0.0,0,0
114,171,0,0.0,0,0
23,62,0,0.0,0,0
9,70,0,0.0,0,0
137,126,0,0.0,0,0
85,131,0,0.0,0,0
36,13,0,0.0,0,0
65,131,0,0.0,0,0
131,30,0,0.0,0,0
148,155,0,0.0,0,0
132,108,0,0.0,0,0
32,11,0,0.0,0,0
22,174,0,0.0,0,0
70,88,0,0.0,0,0
75,49,0,0.0,0,0
96,67,0,0.0,0,0
112,7,0,0.0,0,0
118,158,0,0.0,0,0
39,72,0,0.0,0,0
124,162,0,0.0,0,0
51,120,0,0.0,0,0
68,102,0,0.0,0,0
144,148,0,0.0,0,0
99,63,0,0.0,0,0
60,82,0,0.0,0,0
125,133,0,0.0,0,0
117,132,0,0.0,0,0
123,140,0,0.0,0,0
1,69,0,0.0,0,0
62,119,0,0.0,0,0
94,176,0,0.0,0,0
141,38,0,0.0,0,0
96,137,0,0.0,0,0
119,63,0,0.0,0,0
102,57,0,0.0,0,0
144,32,1,39.83,1,1
26,129,0,0.0,0,0
121,100,0,0.0,0,0
128,66,0,0.0,0,0
41,100,3,293.16,1,1
127,93,0,0.0,0,0
117,173,0,0.0,0,0
78,126,0,0.0,0,0
11,21,0,0.0,0,0
92,89,0,0.0,0,0
8,32,0,0.0,0,0
8,95,0,0.0,0,0
18,28,0,0.0,0,0
131,73,0,0.0,0,0
43,35,0,0.0,0,0
122,119,0,0.0,0,0
77,101,0,0.0,0,0
5,127,0,0.0,0,0
101,76,0,0.0,0,0
15,21,0,0.0,0,0
22,117,0,0.0,0,0
55,1,0,0.0,0,0
63,21,0,0.0,0,0
75,131,0,0.0,0,0
130,171,0,0.0,0,0
116,129,0,0.0,0,0
102,136,0,0.0,0,0
42,120,0,0.0,0,0
57,164,0,0.0,0,0
99,38,1,30.61,1,1
45,157,0,0.0,0,0
38,52,0,0.0,0,0
2,87,0,0.0,0,0
42,146,0,0.0,0,0
25,76,5,722.8,1,1
151,156,0,0.0,0,0
111,184,0,0.0,0,0
48,44,0,0.0,0,0
1,2,1,159.16,1,1
55,96,0,0.0,0,0
26,126,0,0.0,0,0
115,42,0,0.0,0,0
71,180,0,0.0,0,0
98,173,0,0.0,0,0
45,130,0,0.0,0,0
147,79,0,0.0,0,0
25,34,0,0.0,0,0
15,165,0,0.0,0,0
91,39,0,0.0,0,0
35,132,0,0.0,0,0
7,26,0,0.0,0,0
131,17,0,0.0,0,0
46,33,0,0.0,0,0
32,69,0,0.0,0,0
137,113,0,0.0,0,0
36,39,0,0.0,0,0
35,142,0,0.0,0,0
32,23,0,0.0,0,0
74,81,0,0.0,0,0
151,168,0,0.0,0,0
121,146,0,0.0,0,0
29,63,0,0.0,0,0
118,34,0,0.0,0,0
70,101,0,0.0,0,0
70,169,0,0.0,0,0
44,35,0,0.0,0,0
25,78,0,0.0,0,0
50,74,0,0.0,0,0
81,42,0,0.0,0,0
84,151,0,0.0,0,0
26,3,0,0.0,0,0
80,165,0,0.0,0,0
77,9,0,0.0,0,0
17,3,0,0.0,0,0
14,119,0,0.0,0,0
30,171,0,0.0,0,0
39,56,0,0.0,0,0
144,71,0,0.0,0,0
85,36,0,0.0,0,0
68,23,0,0.0,0,0
52,41,0,0.0,0,0
142,148,0,0.0,0,0
120,40,0,0.0,0,0
22,58,0,0.0,0,0
5,67,0,0.0,0,0
41,29,0,0.0,0,0
36,123,0,0.0,0,0
20,31,0,0.0,0,0
144,54,0,0.0,0,0
120,49,0,0.0,0,0
43,164,0,0.0,0,0
38,86,0,0.0,0,0
71,178,0,0.0,0,0
67,174,0,0.0,0,0
53,172,0,0.0,0,0
11,117,0,0.0,0,0
140,14,0,0.0,0,0
19,63,0,0.0,0,0
111,152,0,0.0,0,0
86,160,0,0.0,0,0
83,164,0,0.0,0,0
146,123,0,0.0,0,0
80,190,0,0.0,0,0
46,106,0,0.0,0,0
85,58,0,0.0,0,0
116,157,0,0.0,0,0
35,137,0,0.0,0,0
36,37,0,0.0,0,0
87,186,0,0.0,0,0
103,116,0,0.0,0,0
38,176,0,0.0,0,0
100,30,0,0.0,0,0
59,7,5,450.4,1,1
79,117,0,0.0,0,0
45,83,0,0.0,0,0
123,150,0,0.0,0,0
50,95,0,0.0,0,0
7,114,0,0.0,0,0
53,63,0,0.0,0,0
115,50,0,0.0,0,0
11,107,0,0.0,0,0
47,142,0,0.0,0,0
71,92,0,0.0,0,0
128,133,0,0.0,0,0
133,94,0,0.0,0,0
28,50,0,0.0,0,0
67,121,0,0.0,0,0
19,144,0,0.0,0,0
56,27,0,0.0,0,0
75,147,0,0.0,0,0
26,4,0,0.0,0,0
51,10,0,0.0,0,0
141,46,0,0.0,0,0
97,90,0,0.0,0,0
76,25,0,0.0,0,0
105,128,0,0.0,0,0
77,149,0,0.0,0,0
145,153,0,0.0,0,0
89,143,0,0.0,0,0
6,95,0,0.0,0,0
98,99,0,0.0,0,0
109,60,0,0.0,0,0
33,159,0,0.0,0,0
151,101,0,0.0,0,0
50,126,0,0.0,0,0
77,182,0,0.0,0,0
26,176,2,99.2,1,1
130,13,0,0.0,0,0
35,17,0,0.0,0,0
3,96,0,0.0,0,0
69,97,0,0.0,0,0
5,59,0,0.0,0,0
7,181,0,0.0,0,0
111,158,0,0.0,0,0
33,83,0,0.0,0,0
142,38,0,0.0,0,0
12,133,0,0.0,0,0
44,129,0,0.0,0,0
136,143,0,0.0,0,0
27,173,0,0.0,0,0
142,153,0,0.0,0,0
107,165,0,0.0,0,0
31,34,0,0.0,0,0
16,170,0,0.0,0,0
10,186,0,0.0,0,0
89,123,0,0.0,0,0
91,63,0,0.0,0,0
65,59,0,0.0,0,0
32,116,0,0.0,0,0
61,162,0,0.0,0,0
137,147,0,0.0,0,0
109,113,0,0.0,0,0
145,100,0,0.0,0,0
149,1,0,0.0,0,0
78,75,0,0.0,0,0
59,158,0,0.0,0,0
25,167,0,0.0,0,0
8,70,0,0.0,0,0
147,72,0,0.0,0,0
15,44,0,0.0,0,0
98,122,0,0.0,0,0
26,12,0,0.0,0,0
124,62,0,0.0,0,0
64,40,0,0.0,0,0
133,79,0,0.0,0,0
78,102,0,0.0,0,0
46,31,0,0.0,0,0
93,19,0,0.0,0,0
73,170,2,367.86,1,1
93,90,0,0.0,0,0
52,12,0,0.0,0,0
79,28,0,0.0,0,0
82,97,0,0.0,0,0
132,53,0,0.0,0,0
11,121,0,0.0,0,0
40,55,0,0.0,0,0
150,51,0,0.0,0,0
2,5,0,0.0,0,0
151,98,0,0.0,0,0
107,43,0,0.0,0,0
113,98,0,0.0,0,0
103,27,0,0.0,0,0
126,156,0,0.0,0,0
80,102,0,0.0,0,0
61,107,0,0.0,0,0
97,121,0,0.0,0,0
138,61,0,0.0,0,0
94,133,0,0.0,0,0
57,190,0,0.0,0,0
133,28,0,0.0,0,0
33,30,0,0.0,0,0
150,23,0,0.0,0,0
63,14,0,0.0,0,0
125,102,0,0.0,0,0
77,85,0,0.0,0,0
13,92,0,0.0,0,0
71,133,0,0.0,0,0
66,48,0,0.0,0,0
98,6,0,0.0,0,0
73,29,0,0.0,0,0
48,190,0,0.0,0,0
73,100,0,0.0,0,0
132,106,0,0.0,0,0
8,145,0,0.0,0,0
127,2,0,0.0,0,0
147,186,0,0.0,0,0
135,141,0,0.0,0,0
138,5,0,0.0,0,0
111,137,0,0.0,0,0
58,22,0,0.0,0,0
132,158,0,0.0,0,0
127,18,0,0.0,0,0
121,57,0,0.0,0,0
6,174,0,0.0,0,0
92,10,0,0.0,0,0
83,57,0,0.0,0,0
128,121,0,0.0,0,0
64,180,0,0.0,0,0
18,66,0,0.0,0,0
143,172,0,0.0,0,0
5,42,0,0.0,0,0
49,88,0,0.0,0,0
19,68,0,0.0,0,0
73,7,0,0.0,0,0
12,87,0,0.0,0,0
29,85,0,0.0,0,0
70,149,0,0.0,0,0
53,41,0,0.0,0,0
58,169,0,0.0,0,0
124,110,0,0.0,0,0
87,114,0,0.0,0,0
122,47,0,0.0,0,0
28,180,0,0.0,0,0
126,78,0,0.0,0,0
106,190,0,0.0,0,0
85,82,0,0.0,0,0
72,72,0,0.0,0,0
1,6,0,0.0,0,0
37,172,0,0.0,0,0
76,168,0,0.0,0,0
1,164,0,0.0,0,0
30,98,0,0.0,0,0
25,159,0,0.0,0,0
75,11,0,0.0,0,0
85,74,0,0.0,0,0
80,136,0,0.0,0,0
82,91,0,0.0,0,0
106,157,0,0.0,0,0
151,7,0,0.0,0,0
131,155,0,0.0,0,0
54,170,0,0.0,0,0
150,49,0,0.0,0,0
32,22,0,0.0,0,0
44,45,0,0.0,0,0
90,46,0,0.0,0,0
90,92,0,0.0,0,0
47,83,0,0.0,0,0
135,30,0,0.0,0,0
95,30,0,0.0,0,0
87,17,0,0.0,0,0
47,60,0,0.0,0,0
38,178,0,0.0,0,0
141,96,0,0.0,0,0
70,164,0,0.0,0,0
72,48,0,0.0,0,0
30,38,0,0.0,0,0
60,116,0,0.0,0,0
76,56,0,0.0,0,0
11,18,0,0.0,0,0
110,39,0,0.0,0,0
24,159,0,0.0,0,0
46,8,0,0.0,0,0
127,77,0,0.0,0,0
62,26,0,0.0,0,0
46,119,0,0.0,0,0
115,180,0,0.0,0,0
114,34,0,0.0,0,0
34,170,0,0.0,0,0
47,119,0,0.0,0,0
109,37,0,0.0,0,0
111,149,0,0.0,0,0
113,80,0,0.0,0,0
15,75,0,0.0,0,0
34,92,0,0.0,0,0
58,31,0,0.0,0,0
130,135,0,0.0,0,0
17,184,0,0.0,0,0
48,85,0,0.0,0,0
52,172,0,0.0,0,0
102,94,0,0.0,0,0
63,129,0,0.0,0,0
86,146,0,0.0,0,0
137,27,5,825.65,1,1
65,83,0,0.0,0,0
149,95,0,0.0,0,0
4,126,0,0.0,0,0
148,140,0,0.0,0,0
61,166,1,140.08,1,1
39,1,0,0.0,0,0
146,39,0,0.0,0,0
136,99,0,0.0,0,0
60,106,0,0.0,0,0
91,28,0,0.0,0,0
77,37,0,0.0,0,0
45,85,0,0.0,0,0
99,117,0,0.0,0,0
123,104,0,0.0,0,0
64,37,0,0.0,0,0
101,4,0,0.0,0,0
31,171,0,0.0,0,0
28,52,0,0.0,0,0
104,59,0,0.0,0,0
137,94,0,0.0,0,0
22,27,0,0.0,0,0
28,109,0,0.0,0,0
113,154,0,0.0,0,0
121,13,0,0.0,0,0
2,10,0,0.0,0,0
78,78,0,0.0,0,0
1,117,0,0.0,0,0
16,103,0,0.0,0,0
19,42,0,0.0,0,0
55,123,0,0.0,0,0
101,89,0,0.0,0,0
76,126,0,0.0,0,0
23,33,0,0.0,0,0
138,162,0,0.0,0,0
49,96,0,0.0,0,0
8,15,0,0.0,0,0
11,139,0,0.0,0,0
72,17,0,0.0,0,0
90,23,0,0.0,0,0
118,69,0,0.0,0,0
86,167,0,0.0,0,0
82,151,0,0.0,0,0
89,160,0,0.0,0,0
63,60,0,0.0,0,0
48,170,0,0.0,0,0
40,162,4,630.88,1,1
78,153,0,0.0,0,0
110,158,0,0.0,0,0
80,24,0,0.0,0,0
29,162,0,0.0,0,0
146,175,0,0.0,0,0
31,103,0,0.0,0,0
114,77,0,0.0,0,0
125,42,0,0.0,0,0
109,189,0,0.0,0,0
149,106,0,0.0,0,0
139,23,0,0.0,0,0
133,112,0,0.0,0,0
111,139,0,0.0,0,0
51,29,0,0.0,0,0
134,59,0,0.0,0,0
126,99,0,0.0,0,0
47,101,0,0.0,0,0
118,118,0,0.0,0,0
68,30,0,0.0,0,0
9,73,0,0.0,0,0
7,14,0,0.0,0,0
41,109,0,0.0,0,0
42,107,0,0.0,0,0
134,91,0,0.0,0,0
19,139,0,0.0,0,0
37,32,0,0.0,0,0
92,27,0,0.0,0,0
73,158,0,0.0,0,0
150,72,0,0.0,0,0
100,76,0,0.0,0,0
5,33,0,0.0,0,0
85,67,0,0.0,0,0
34,54,0,0.0,0,0
101,42,0,0.0,0,0
53,67,0,0.0,0,0
14,47,0,0.0,0,0
49,64,0,0.0,0,0
23,13,0,0.0,0,0
142,30,0,0.0,0,0
90,63,0,0.0,0,0
148,49,0,0.0,0,0
48,21,0,0.0,0,0
22,50,0,0.0,0,0
66,80,0,0.0,0,0
98,102,0,0.0,0,0
50,167,0,0.0,0,0
130,10,0,0.0,0,0
143,76,0,0.0,0,0
151,147,0,0.0,0,0
92,61,0,0.0,0,0
132,127,0,0.0,0,0
48,83,0,0.0,0,0
37,71,0,0.0,0,0
72,156,0,0.0,0,0
63,19,0,0.0,0,0
15,20,0,0.0,0,0
39,28,0,0.0,0,0
149,181,0,0.0,0,0
104,96,0,0.0,0,0
4,175,0,0.0,0,0
84,135,0,0.0,0,0
86,148,0,0.0,0,0
37,70,0,0.0,0,0
40,102,0,0.0,0,0
23,60,0,0.0,0,0
117,171,2,320.94,1,1
150,88,0,0.0,0,0
140,51,0,0.0,0,0
134,53,0,0.0,0,0
2,130,0,0.0,0,0
51,57,0,0.0,0,0
55,42,0,0.0,0,0
139,74,0,0.0,0,0
55,57,0,0.0,0,0
86,145,0,0.0,0,0
62,56,0,0.0,0,0
128,35,0,0.0,0,0
123,112,0,0.0,0,0
130,189,0,0.0,0,0
45,185,0,0.0,0,0
117,94,0,0.0,0,0
13,186,0,0.0,0,0
55,7,0,0.0,0,0
100,145,0,0.0,0,0
35,138,0,0.0,0,0
127,17,0,0.0,0,0
27,160,0,0.0,0,0
78,9,0,0.0,0,0
56,74,0,0.0,0,0
124,187,0,0.0,0,0
21,67,0,0.0,0,0
14,42,0,0.0,0,0
51,89,0,0.0,0,0
98,34,0,0.0,0,0
85,148,0,0.0,0,0
89,45,0,0.0,0,0
72,126,0,0.0,0,0
123,171,0,0.0,0,0
100,21,0,0.0,0,0
88,98,0,0.0,0,0
96,103,0,0.0,0,0
65,67,0,0.0,0,0
106,87,0,0.0,0,0
74,168,0,0.0,0,0
95,61,0,0.0,0,0
114,166,0,0.0,0,0
37,30,0,0.0,0,0
122,99,0,0.0,0,0
28,51,0,0.0,0,0
30,123,0,0.0,0,0
26,25,0,0.0,0,0
28,102,0,0.0,0,0
54,162,0,0.0,0,0
108,78,0,0.0,0,0
91,189,0,0.0,0,0
20,143,0,0.0,0,0
11,175,0,0.0,0,0
76,111,0,0.0,0,0
3,51,0,0.0,0,0
99,80,0,0.0,0,0
71,154,0,0.0,0,0
138,55,4,189.48,1,1
18,105,0,0.0,0,0
55,94,0,0.0,0,0
101,14,0,0.0,0,0
1,162,0,0.0,0,0
117,164,0,0.0,0,0
61,56,0,0.0,0,0
86,142,0,0.0,0,0
65,22,0,0.0,0,0
32,181,0,0.0,0,0
45,133,0,0.0,0,0
27,94,5,720.25,1,1
86,26,0,0.0,0,0
53,4,0,0.0,0,0
70,143,0,0.0,0,0
133,100,0,0.0,0,0
57,50,0,0.0,0,0
20,151,0,0.0,0,0
121,173,0,0.0,0,0
137,95,0,0.0,0,0
109,4,0,0.0,0,0
121,180,0,0.0,0,0
71,151,0,0.0,0,0
31,93,0,0.0,0,0
104,16,0,0.0,0,0
29,150,0,0.0,0,0
122,64,0,0.0,0,0
117,15,0,0.0,0,0
40,128,0,0.0,0,0
72,102,0,0.0,0,0
25,133,0,0.0,0,0
7,50,0,0.0,0,0
37,111,0,0.0,0,0
35,41,0,0.0,0,0
68,175,0,0.0,0,0
13,176,0,0.0,0,0
69,178,0,0.0,0,0
149,17,0,0.0,0,0
15,168,0,0.0,0,0
77,4,0,0.0,0,0
29,189,0,0.0,0,0
138,134,0,0.0,0,0
64,95,0,0.0,0,0
60,8,0,0.0,0,0
52,50,0,0.0,0,0
20,106,3,217.74,1,1
44,57,0,0.0,0,0
137,57,0,0.0,0,0
115,12,0,0.0,0,0
77,66,0,0.0,0,0
135,112,0,0.0,0,0
35,140,0,0.0,0,0
144,166,0,0.0,0,0
18,10,0,0.0,0,0
36,90,0,0.0,0,0
133,97,0,0.0,0,0
147,105,0,0.0,0,0
114,105,0,0.0,0,0
35,30,0,0.0,0,0
102,135,0,0.0,0,0
117,72,0,0.0,0,0
143,39,0,0.0,0,0
135,166,0,0.0,0,0
60,62,0,0.0,0,0
23,6,0,0.0,0,0
3,185,0,0.0,0,0
25,148,0,0.0,0,0
2,62,0,0.0,0,0
55,2,0,0.0,0,0
7,147,0,0.0,0,0
63,111,0,0.0,0,0
44,58,0,0.0,0,0
49,53,0,0.0,0,0
85,41,0,0.0,0,0
125,109,0,0.0,0,0
33,55,0,0.0,0,0
99,46,0,0.0,0,0
52,70,0,0.0,0,0
19,104,0,0.0,0,0
99,163,0,0.0,0,0
34,114,0,0.0,0,0
89,38,0,0.0,0,0
136,33,0,0.0,0,0
97,172,0,0.0,0,0
71,150,2,385.44,1,1
32,88,0,0.0,0,0
114,20,0,0.0,0,0
32,103,0,0.0,0,0
147,152,0,0.0,0,0
27,108,0,0.0,0,0
78,125,0,0.0,0,0
130,148,0,0.0,0,0
135,64,0,0.0,0,0
28,40,0,0.0,0,0
147,23,0,0.0,0,0
75,10,0,0.0,0,0
32,89,0,0.0,0,0
92,103,0,0.0,0,0
144,85,0,0.0,0,0
40,158,0,0.0,0,0
56,157,0,0.0,0,0
13,179,0,0.0,0,0
129,179,0,0.0,0,0
127,151,0,0.0,0,0
150,114,0,0.0,0,0
28,93,1,65.16,1,1
96,42,0,0.0,0,0
65,146,0,0.0,0,0
89,166,0,0.0,0,0
32,177,0,0.0,0,0
94,59,0,0.0,0,0
80,128,0,0.0,0,0
71,153,0,0.0,0,0
68,147,0,0.0,0,0
131,96,0,0.0,0,0
91,9,0,0.0,0,0
151,162,0,0.0,0,0
97,42,0,0.0,0,0
92,69,0,0.0,0,0
4,19,0,0.0,0,0
44,111,0,0.0,0,0
45,66,0,0.0,0,0
19,167,0,0.0,0,0
16,23,0,0.0,0,0
131,21,0,0.0,0,0
107,65,0,0.0,0,0
65,90,0,0.0,0,0
49,92,0,0.0,0,0
84,124,0,0.0,0,0
42,141,0,0.0,0,0
18,114,0,0.0,0,0
60,46,0,0.0,0,0
103,109,0,0.0,0,0
137,87,0,0.0,0,0
19,168,0,0.0,0,0
120,12,0,0.0,0,0
73,9,0,0.0,0,0
141,28,0,0.0,0,0
58,49,0,0.0,0,0
150,116,0,0.0,0,0
52,27,0,0.0,0,0
27,133,0,0.0,0,0
27,15,0,0.0,0,0
35,98,0,0.0,0,0
126,168,0,0.0,0,0
66,63,0,0.0,0,0
71,141,0,0.0,0,0
123,182,0,0.0,0,0
64,4,0,0.0,0,0
51,5,0,0.0,0,0
68,133,0,0.0,0,0
115,103,0,0.0,0,0
140,170,0,0.0,0,0
19,82,0,0.0,0,0
145,61,0,0.0,0,0
61,106,0,0.0,0,0
138,117,0,0.0,0,0
145,111,0,0.0,0,0
89,146,0,0.0,0,0
107,3,0,0.0,0,0
82,137,0,0.0,0,0
128,170,0,0.0,0,0
13,117,0,0.0,0,0
93,106,0,0.0,0,0
12,177,0,0.0,0,0
144,25,0,0.0,0,0
128,105,0,0.0,0,0
111,86,0,0.0,0,0
12,148,0,0.0,0,0
97,147,0,0.0,0,0
147,180,0,0.0,0,0
41,72,0,0.0,0,0
56,79,0,0.0,0,0
53,92,0,0.0,0,0
126,184,5,494.3,1,1
15,28,0,0.0,0,0
119,158,0,0.0,0,0
147,154,0,0.0,0,0
59,162,0,0.0,0,0
21,142,0,0.0,0,0
37,177,0,0.0,0,0
93,76,0,0.0,0,0
150,124,0,0.0,0,0
30,100,0,0.0,0,0
103,56,0,0.0,0,0
52,187,0,0.0,0,0
98,101,0,0.0,0,0
118,27,0,0.0,0,0
108,105,0,0.0,0,0
36,20,0,0.0,0,0
124,78,0,0.0,0,0
107,99,0,0.0,0,0
90,185,0,0.0,0,0
1,7,0,0.0,0,0
105,171,0,0.0,0,0
15,42,0,0.0,0,0
122,180,0,0.0,0,0
87,6,0,0.0,0,0
139,137,0,0.0,0,0
62,186,0,0.0,0,0
32,95,0,0.0,0,0
151,96,0,0.0,0,0
48,156,0,0.0,0,0
35,82,0,0.0,0,0
126,3,0,0.0,0,0
110,182,0,0.0,0,0
62,144,0,0.0,0,0
68,184,0,0.0,0,0
61,102,0,0.0,0,0
24,134,0,0.0,0,0
115,4,0,0.0,0,0
25,35,0,0.0,0,0
139,20,0,0.0,0,0
37,138,0,0.0,0,0
90,70,0,0.0,0,0
90,10,0,0.0,0,0
138,73,0,0.0,0,0
66,92,0,0.0,0,0
121,78,0,0.0,0,0
22,79,0,0.0,0,0
109,111,0,0.0,0,0
27,158,0,0.0,0,0
133,77,0,0.0,0,0
78,6,0,0.0,0,0
133,105,0,0.0,0,0
98,97,0,0.0,0,0
42,89,0,0.0,0,0
51,189,0,0.0,0,0
54,3,0,0.0,0,0
138,72,0,0.0,0,0
148,18,0,0.0,0,0
108,120,0,0.0,0,0
101,57,3,445.59,1,1
43,189,0,0.0,0,0
21,148,0,0.0,0,0
102,30,0,0.0,0,0
43,73,0,0.0,0,0
140,58,0,0.0,0,0
25,1,0,0.0,0,0
77,138,0,0.0,0,0
116,25,0,0.0,0,0
81,189,0,0.0,0,0
127,83,0,0.0,0,0
147,76,0,0.0,0,0
89,130,0,0.0,0,0
95,85,0,0.0,0,0
1,101,3,228.54,1,1
47,26,0,0.0,0,0
55,188,0,0.0,0,0
136,112,0,0.0,0,0
104,137,0,0.0,0,0
124,13,0,0.0,0,0
95,83,0,0.0,0,0
69,185,0,0.0,0,0
145,73,0,0.0,0,0
73,121,0,0.0,0,0
78,74,0,0.0,0,0
111,1,0,0.0,0,0
149,136,0,0.0,0,0
66,3,0,0.0,0,0
100,171,0,0.0,0,0
72,96,0,0.0,0,0
123,92,0,0.0,0,0
126,153,0,0.0,0,0
55,112,0,0.0,0,0
59,169,0,0.0,0,0
125,85,0,0.0,0,0
119,19,0,0.0,0,0
23,68,0,0.0,0,0
83,170,0,0.0,0,0
30,152,0,0.0,0,0
17,125,0,0.0,0,0
146,85,0,0.0,0,0
69,13,0,0.0,0,0
68,20,0,0.0,0,0
149,156,0,0.0,0,0
78,81,0,0.0,0,0
32,40,0,0.0,0,0
34,155,0,0.0,0,0
58,41,0,0.0,0,0
98,72,0,0.0,0,0
47,181,0,0.0,0,0
25,103,0,0.0,0,0
134,103,0,0.0,0,0
58,148,0,0.0,0,0
146,153,0,0.0,0,0
20,174,0,0.0,0,0
63,176,0,0.0,0,0
147,98,2,371.82,1,1
128,167,0,0.0,0,0
141,122,0,0.0,0,0
149,148,0,0.0,0,0
19,29,0,0.0,0,0
122,174,0,0.0,0,0
142,15,0,0.0,0,0
136,18,0,0.0,0,0
34,29,0,0.0,0,0
117,87,0,0.0,0,0
104,103,0,0.0,0,0
111,141,3,290.82,1,1
5,170,0,0.0,0,0
50,131,0,0.0,0,0
49,60,0,0.0,0,0
24,61,0,0.0,0,0
70,180,0,0.0,0,0
130,82,0,0.0,0,0
85,37,0,0.0,0,0
37,176,0,0.0,0,0
107,70,0,0.0,0,0
85,96,0,0.0,0,0
90,36,0,0.0,0,0
108,143,0,0.0,0,0
54,188,0,0.0,0,0
70,39,0,0.0,0,0
53,111,0,0.0,0,0
67,56,0,0.0,0,0
26,150,0,0.0,0,0
33,184,0,0.0,0,0
77,46,3,30.36,1,1
66,180,0,0.0,0,0
148,110,0,0.0,0,0
102,78,0,0.0,0,0
76,90,0,0.0,0,0
101,51,0,0.0,0,0
83,21,0,0.0,0,0
147,113,0,0.0,0,0
2,13,0,0.0,0,0
20,64,1,147.27,1,1
135,6,0,0.0,0,0
44,79,0,0.0,0,0
35,130,0,0.0,0,0
71,62,0,0.0,0,0
95,89,0,0.0,0,0
67,108,0,0.0,0,0
51,117,0,0.0,0,0
30,121,0,0.0,0,0
18,137,0,0.0,0,0
114,36,0,0.0,0,0
111,99,0,0.0,0,0
128,100,0,0.0,0,0
97,98,0,0.0,0,0
135,100,0,0.0,0,0
23,85,0,0.0,0,0
87,169,0,0.0,0,0
127,176,0,0.0,0,0
69,166,0,0.0,0,0
53,174,0,0.0,0,0
59,46,0,0.0,0,0
68,137,0,0.0,0,0
54,120,0,0.0,0,0
67,172,0,0.0,0,0
21,127,0,0.0,0,0
143,155,0,0.0,0,0
49,14,0,0.0,0,0
50,140,0,0.0,0,0
98,130,0,0.0,0,0
62,64,0,0.0,0,0
115,156,0,0.0,0,0
147,97,0,0.0,0,0
66,127,0,0.0,0,0
13,52,5,287.55,1,1
127,116,0,0.0,0,0
87,63,0,0.0,0,0
85,4,0,0.0,0,0
97,92,0,0.0,0,0
30,135,0,0.0,0,0
21,124,0,0.0,0,0
4,9,0,0.0,0,0
62,62,0,0.0,0,0
142,85,0,0.0,0,0
66,144,0,0.0,0,0
135,23,0,0.0,0,0
40,27,0,0.0,0,0
46,166,0,0.0,0,0
116,123,0,0.0,0,0
138,138,0,0.0,0,0
89,57,0,0.0,0,0
60,179,0,0.0,0,0
63,190,0,0.0,0,0
103,145,0,0.0,0,0
116,66,0,0.0,0,0
31,140,0,0.0,0,0
44,19,0,0.0,0,0
122,183,0,0.0,0,0
49,6,0,0.0,0,0
10,175,0,0.0,0,0
2,42,0,0.0,0,0
144,163,0,0.0,0,0
85,42,0,0.0,0,0
149,158,0,0.0,0,0
132,103,0,0.0,0,0
28,9,0,0.0,0,0
39,10,0,0.0,0,0
88,96,0,0.0,0,0
111,66,0,0.0,0,0
7,95,0,0.0,0,0
114,181,0,0.0,0,0
15,133,0,0.0,0,0
137,31,0,0.0,0,0
90,76,0,0.0,0,0
72,109,0,0.0,0,0
11,62,0,0.0,0,0
142,29,0,0.0,0,0
58,172,0,0.0,0,0
43,177,0,0.0,0,0
22,93,0,0.0,0,0
69,146,0,0.0,0,0
46,141,0,0.0,0,0
105,9,0,0.0,0,0
136,50,0,0.0,0,0
120,129,0,0.0,0,0
24,46,0,0.0,0,0
16,83,0,0.0,0,0
8,75,0,0.0,0,0
99,156,0,0.0,0,0
37,158,0,0.0,0,0
66,32,0,0.0,0,0
26,56,0,0.0,0,0
119,38,0,0.0,0,0
72,16,0,0.0,0,0
66,153,0,0.0,0,0
69,133,0,0.0,0,0
96,187,0,0.0,0,0
78,145,3,325.41,1,1
25,32,0,0.0,0,0
136,128,0,0.0,0,0
111,73,0,0.0,0,0
36,41,0,0.0,0,0
143,47,0,0.0,0,0
79,25,0,0.0,0,0
78,35,0,0.0,0,0
111,145,0,0.0,0,0
76,121,0,0.0,0,0
148,138,0,0.0,0,0
92,83,0,0.0,0,0
52,52,0,0.0,0,0
85,90,0,0.0,0,0
127,125,0,0.0,0,0
54,8,0,0.0,0,0
32,33,0,0.0,0,0
7,31,0,0.0,0,0
6,93,0,0.0,0,0
103,136,0,0.0,0,0
62,28,0,0.0,0,0
114,129,0,0.0,0,0
91,74,0,0.0,0,0
119,132,0,0.0,0,0
2,119,0,0.0,0,0
97,68,0,0.0,0,0
151,170,0,0.0,0,0
105,17,0,0.0,0,0
73,149,0,0.0,0,0
33,21,0,0.0,0,0
51,59,0,0.0,0,0
24,103,0,0.0,0,0
149,76,0,0.0,0,0
107,139,0,0.0,0,0
9,40,0,0.0,0,0
2,54,0,0.0,0,0
43,188,0,0.0,0,0
35,70,0,0.0,0,0
70,19,0,0.0,0,0
35,23,0,0.0,0,0
45,21,0,0.0,0,0
58,102,0,0.0,0,0
96,66,0,0.0,0,0
118,162,0,0.0,0,0
95,124,0,0.0,0,0
150,127,0,0.0,0,0
82,111,0,0.0,0,0
130,110,0,0.0,0,0
79,190,0,0.0,0,0
37,102,0,0.0,0,0
52,152,0,0.0,0,0
59,47,0,0.0,0,0
99,45,0,0.0,0,0
1,35,0,0.0,0,0
101,32,2,79.66,1,1
142,97,0,0.0,0,0
93,69,0,0.0,0,0
96,181,0,0.0,0,0
105,163,0,0.0,0,0
3,102,0,0.0,0,0
126,46,0,0.0,0,0
30,149,0,0.0,0,0
10,139,0,0.0,0,0
131,64,0,0.0,0,0
28,167,0,0.0,0,0
95,167,0,0.0,0,0
24,150,0,0.0,0,0
136,62,0,0.0,0,0
117,145,0,0.0,0,0
55,31,0,0.0,0,0
125,105,0,0.0,0,0
23,136,0,0.0,0,0
25,2,0,0.0,0,0
29,55,0,0.0,0,0
92,189,0,0.0,0,0
7,38,0,0.0,0,0
57,109,0,0.0,0,0
108,69,0,0.0,0,0
46,30,0,0.0,0,0
106,168,0,0.0,0,0
63,73,0,0.0,0,0
122,31,0,0.0,0,0
30,170,0,0.0,0,0
35,8,0,0.0,0,0
75,41,0,0.0,0,0
38,51,0,0.0,0,0
68,174,0,0.0,0,0
79,6,0,0.0,0,0
113,168,0,0.0,0,0
35,179,0,0.0,0,0
86,188,0,0.0,0,0
136,172,0,0.0,0,0
109,168,0,0.0,0,0
66,11,3,346.83,1,1
115,184,0,0.0,0,0
13,72,0,0.0,0,0
138,81,0,0.0,0,0
8,113,0,0.0,0,0
12,21,0,0.0,0,0
61,112,0,0.0,0,0
112,94,0,0.0,0,0
136,14,0,0.0,0,0
135,35,0,0.0,0,0
85,71,0,0.0,0,0
92,43,0,0.0,0,0
51,131,0,0.0,0,0
148,22,0,0.0,0,0
61,177,0,0.0,0,0
49,77,0,0.0,0,0
141,181,0,0.0,0,0
85,126,0,0.0,0,0
139,71,0,0.0,0,0
115,15,0,0.0,0,0
7,82,0,0.0,0,0
75,107,0,0.0,0,0
46,16,0,0.0,0,0
149,30,0,0.0,0,0
36,47,0,0.0,0,0
126,179,0,0.0,0,0
29,65,0,0.0,0,0
17,158,0,0.0,0,0
109,148,0,0.0,0,0
133,81,0,0.0,0,0
66,75,0,0.0,0,0
1,11,0,0.0,0,0
49,31,0,0.0,0,0
119,153,0,0.0,0,0
37,135,0,0.0,0,0
22,143,0,0.0,0,0
70,26,0,0.0,0,0
133,96,0,0.0,0,0
39,116,0,0.0,0,0
151,130,0,0.0,0,0
84,181,0,0.0,0,0
30,169,0,0.0,0,0
144,181,0,0.0,0,0
108,125,0,0.0,0,0
58,162,0,0.0,0,0
56,145,0,0.0,0,0
74,54,0,0.0,0,0
21,22,0,0.0,0,0
45,188,0,0.0,0,0
119,100,0,0.0,0,0
23,42,0,0.0,0,0
17,37,0,0.0,0,0
127,157,0,0.0,0,0
23,90,0,0.0,0,0
77,56,0,0.0,0,0
149,90,0,0.0,0,0
122,88,0,0.0,0,0
24,25,0,0.0,0,0
17,87,0,0.0,0,0
142,8,0,0.0,0,0
120,92,0,0.0,0,0
9,91,0,0.0,0,0
138,83,0,0.0,0,0
79,154,0,0.0,0,0
1,180,0,0.0,0,0
8,103,0,0.0,0,0
142,156,0,0.0,0,0
119,116,0,0.0,0,0
4,117,0,0.0,0,0
42,138,0,0.0,0,0
42,69,0,0.0,0,0
54,80,0,0.0,0,0
147,75,0,0.0,0,0
84,157,0,0.0,0,0
50,27,0,0.0,0,0
83,14,0,0.0,0,0
138,26,0,0.0,0,0
2,73,0,0.0,0,0
43,49,0,0.0,0,0
107,61,4,255.84,1,1
123,109,0,0.0,0,0
122,98,0,0.0,0,0
83,62,0,0.0,0,0
119,73,0,0.0,0,0
129,182,0,0.0,0,0
148,88,0,0.0,0,0
109,32,0,0.0,0,0
6,44,0,0.0,0,0
16,74,0,0.0,0,0
82,26,0,0.0,0,0
116,174,0,0.0,0,0
37,123,0,0.0,0,0
38,160,0,0.0,0,0
142,59,0,0.0,0,0
93,126,0,0.0,0,0
142,33,0,0.0,0,0
74,89,0,0.0,0,0
30,85,0,0.0,0,0
79,98,0,0.0,0,0
17,145,0,0.0,0,0
1,143,0,0.0,0,0
26,7,0,0.0,0,0
129,62,0,0.0,0,0
45,94,0,0.0,0,0
112,53,0,0.0,0,0
50,111,0,0.0,0,0
66,13,0,0.0,0,0
62,96,0,0.0,0,0
30,133,0,0.0,0,0
3,138,0,0.0,0,0
84,2,0,0.0,0,0
71,159,0,0.0,0,0
78,67,0,0.0,0,0
95,93,0,0.0,0,0
83,132,0,0.0,0,0
73,141,0,0.0,0,0
150,185,0,0.0,0,0
110,188,0,0.0,0,0
48,111,0,0.0,0,0
16,98,0,0.0,0,0
5,82,0,0.0,0,0
148,185,0,0.0,0,0
30,189,0,0.0,0,0
140,143,0,0.0,0,0
20,138,0,0.0,0,0
1,125,0,0.0,0,0
130,87,0,0.0,0,0
34,186,0,0.0,0,0
37,109,0,0.0,0,0
107,122,0,0.0,0,0
131,151,0,0.0,0,0
96,148,0,0.0,0,0
73,160,0,0.0,0,0
97,127,0,0.0,0,0
100,61,0,0.0,0,0
125,148,0,0.0,0,0
121,53,0,0.0,0,0
133,124,0,0.0,0,0
14,177,0,0.0,0,0
69,5,0,0.0,0,0
69,89,0,0.0,0,0
98,5,0,0.0,0,0
102,19,0,0.0,0,0
147,107,0,0.0,0,0
4,91,0,0.0,0,0
131,80,0,0.0,0,0
19,107,0,0.0,0,0
8,18,0,0.0,0,0
109,19,0,0.0,0,0
97,31,0,0.0,0,0
55,149,0,0.0,0,0
90,179,0,0.0,0,0
58,141,0,0.0,0,0
80,96,0,0.0,0,0
72,90,0,0.0,0,0
89,22,0,0.0,0,0
40,150,0,0.0,0,0
58,37,0,0.0,0,0
8,120,0,0.0,0,0
61,46,0,0.0,0,0
15,94,0,0.0,0,0
150,6,0,0.0,0,0
42,96,0,0.0,0,0
103,67,0,0.0,0,0
18,26,0,0.0,0,0
26,43,0,0.0,0,0
63,45,0,0.0,0,0
61,44,0,0.0,0,0
72,125,0,0.0,0,0
36,78,0,0.0,0,0
82,130,0,0.0,0,0
3,61,0,0.0,0,0
57,47,4,297.32,1,1
88,143,0,0.0,0,0
12,146,0,0.0,0,0
85,112,0,0.0,0,0
110,54,0,0.0,0,0
18,166,0,0.0,0,0
141,179,0,0.0,0,0
85,102,0,0.0,0,0
18,63,0,0.0,0,0
57,123,0,0.0,0,0
95,34,0,0.0,0,0
69,189,0,0.0,0,0
73,92,0,0.0,0,0
77,15,0,0.0,0,0
19,2,0,0.0,0,0
22,91,0,0.0,0,0
1,16,0,0.0,0,0
61,116,0,0.0,0,0
29,96,0,0.0,0,0
14,148,0,0.0,0,0
12,170,0,0.0,0,0
45,51,0,0.0,0,0
13,130,0,0.0,0,0
134,32,0,0.0,0,0
12,114,0,0.0,0,0
67,80,0,0.0,0,0
117,172,0,0.0,0,0
32,87,3,195.69,1,1
97,26,0,0.0,0,0
23,102,0,0.0,0,0
30,117,0,0.0,0,0
138,2,0,0.0,0,0
97,17,0,0.0,0,0
127,112,0,0.0,0,0
66,67,0,0.0,0,0
110,8,0,0.0,0,0
126,91,0,0.0,0,0
67,74,0,0.0,0,0
139,16,0,0.0,0,0
132,118,0,0.0,0,0
74,11,0,0.0,0,0
71,170,0,0.0,0,0
145,132,0,0.0,0,0
131,56,0,0.0,0,0
120,153,0,0.0,0,0
78,128,0,0.0,0,0
60,148,0,0.0,0,0
1,8,0,0.0,0,0
63,142,0,0.0,0,0
126,174,0,0.0,0,0
4,152,0,0.0,0,0
105,165,0,0.0,0,0
132,10,0,0.0,0,0
4,121,0,0.0,0,0
30,32,0,0.0,0,0
74,116,0,0.0,0,0
38,148,0,0.0,0,0
121,42,0,0.0,0,0
145,183,0,0.0,0,0
101,23,0,0.0,0,0
61,17,0,0.0,0,0
15,158,0,0.0,0,0
17,112,0,0.0,0,0
95,106,0,0.0,0,0
70,183,0,0.0,0,0
1,9,0,0.0,0,0
38,78,0,0.0,0,0
113,56,0,0.0,0,0
133,41,0,0.0,0,0
66,168,0,0.0,0,0
15,146,0,0.0,0,0
15,152,0,0.0,0,0
133,47,0,0.0,0,0
24,59,0,0.0,0,0
42,183,0,0.0,0,0
112,3,0,0.0,0,0
121,2,0,0.0,0,0
126,178,0,0.0,0,0
48,76,0,0.0,0,0
53,47,0,0.0,0,0
25,17,0,0.0,0,0
9,39,0,0.0,0,0
129,16,0,0.0,0,0
101,107,0,0.0,0,0
83,99,0,0.0,0,0
42,111,0,0.0,0,0
51,68,0,0.0,0,0
146,50,0,0.0,0,0
118,96,0,0.0,0,0
77,18,0,0.0,0,0
13,68,0,0.0,0,0
29,28,0,0.0,0,0
118,121,0,0.0,0,0
74,46,0,0.0,0,0
114,147,0,0.0,0,0
120,162,0,0.0,0,0
40,156,0,0.0,0,0
115,18,0,0.0,0,0
3,139,0,0.0,0,0
23,23,0,0.0,0,0
44,171,0,0.0,0,0
122,67,0,0.0,0,0
78,189,0,0.0,0,0
98,61,0,0.0,0,0
32,3,0,0.0,0,0
37,106,0,0.0,0,0
2,51,0,0.0,0,0
59,102,0,0.0,0,0
11,63,0,0.0,0,0
11,105,0,0.0,0,0
101,13,0,0.0,0,0
6,61,0,0.0,0,0
84,42,0,0.0,0,0
27,188,0,0.0,0,0
134,152,0,0.0,0,0
25,146,0,0.0,0,0
46,32,0,0.0,0,0
105,132,0,0.0,0,0
39,82,0,0.0,0,0
146,64,0,0.0,0,0
89,56,0,0.0,0,0
146,167,0,0.0,0,0
126,68,0,0.0,0,0
26,34,3,513.18,1,1
37,180,0,0.0,0,0
53,26,0,0.0,0,0
120,159,3,125.37,1,1
5,96,0,0.0,0,0
93,53,0,0.0,0,0
145,17,0,0.0,0,0
145,31,0,0.0,0,0
141,139,0,0.0,0,0
91,30,0,0.0,0,0
25,127,0,0.0,0,0
99,190,0,0.0,0,0
19,157,0,0.0,0,0
6,16,0,0.0,0,0
40,96,0,0.0,0,0
54,167,0,0.0,0,0
73,159,0,0.0,0,0
140,9,0,0.0,0,0
35,150,0,0.0,0,0
11,95,0,0.0,0,0
87,167,0,0.0,0,0
98,109,0,0.0,0,0
52,126,0,0.0,0,0
113,122,0,0.0,0,0
88,137,0,0.0,0,0
123,85,0,0.0,0,0
145,83,0,0.0,0,0
55,176,0,0.0,0,0
111,119,0,0.0,0,0
20,86,0,0.0,0,0
148,46,0,0.0,0,0
76,152,0,0.0,0,0
132,52,0,0.0,0,0
54,41,0,0.0,0,0
95,59,0,0.0,0,0
102,117,0,0.0,0,0
30,132,0,0.0,0,0
96,125,0,0.0,0,0
40,110,0,0.0,0,0
125,155,0,0.0,0,0
90,71,0,0.0,0,0
27,109,0,0.0,0,0
139,102,0,0.0,0,0
146,1,0,0.0,0,0
102,86,0,0.0,0,0
148,86,0,0.0,0,0
34,81,0,0.0,0,0
76,41,0,0.0,0,0
1,106,0,0.0,0,0
26,29,0,0.0,0,0
37,169,0,0.0,0,0
25,99,0,0.0,0,0
14,88,0,0.0,0,0
80,166,0,0.0,0,0
5,142,0,0.0,0,0
25,51,0,0.0,0,0
6,56,0,0.0,0,0
84,91,0,0.0,0,0
16,20,0,0.0,0,0
138,22,0,0.0,0,0
93,30,0,0.0,0,0
117,155,0,0.0,0,0
112,151,0,0.0,0,0
75,119,0,0.0,0,0
33,145,0,0.0,0,0
67,47,0,0.0,0,0
59,172,0,0.0,0,0
35,73,0,0.0,0,0
112,121,0,0.0,0,0
23,73,0,0.0,0,0
58,51,0,0.0,0,0
107,7,0,0.0,0,0
69,21,0,0.0,0,0
112,87,0,0.0,0,0
20,119,0,0.0,0,0
41,140,0,0.0,0,0
21,78,0,0.0,0,0
58,145,0,0.0,0,0
51,148,0,0.0,0,0
27,31,0,0.0,0,0
31,151,0,0.0,0,0
131,189,0,0.0,0,0
105,75,0,0.0,0,0
54,46,0,0.0,0,0
139,180,0,0.0,0,0
65,179,0,0.0,0,0
116,168,0,0.0,0,0
46,4,0,0.0,0,0
37,142,0,0.0,0,0
13,129,0,0.0,0,0
11,122,0,0.0,0,0
68,110,0,0.0,0,0
118,154,0,0.0,0,0
53,75,0,0.0,0,0
114,180,0,0.0,0,0
3,49,0,0.0,0,0
145,170,0,0.0,0,0
125,145,0,0.0,0,0
55,80,0,0.0,0,0
110,52,0,0.0,0,0
140,78,0,0.0,0,0
111,148,0,0.0,0,0
146,163,0,0.0,0,0
40,46,0,0.0,0,0
82,98,0,0.0,0,0
109,139,0,0.0,0,0
52,58,0,0.0,0,0
35,24,0,0.0,0,0
36,131,0,0.0,0,0
23,129,0,0.0,0,0
143,60,0,0.0,0,0
84,138,0,0.0,0,0
147,51,0,0.0,0,0
53,190,0,0.0,0,0
35,134,0,0.0,0,0
96,81,0,0.0,0,0
14,149,0,0.0,0,0
122,36,0,0.0,0,0
42,65,0,0.0,0,0
36,127,0,0.0,0,0
139,26,0,0.0,0,0
21,24,0,0.0,0,0
137,2,0,0.0,0,0
137,109,0,0.0,0,0
42,175,0,0.0,0,0
57,134,0,0.0,0,0
33,108,0,0.0,0,0
94,182,0,0.0,0,0
6,76,0,0.0,0,0
145,11,0,0.0,0,0
124,108,0,0.0,0,0
78,157,0,0.0,0,0
129,10,0,0.0,0,0
23,100,0,0.0,0,0
140,173,0,0.0,0,0
24,170,0,0.0,0,0
32,39,0,0.0,0,0
125,89,0,0.0,0,0
38,149,2,392.54,1,1
129,13,0,0.0,0,0
111,144,0,0.0,0,0
51,150,0,0.0,0,0
130,177,0,0.0,0,0
11,126,0,0.0,0,0
55,69,0,0.0,0,0
59,148,0,0.0,0,0
150,138,0,0.0,0,0
64,172,0,0.0,0,0
55,90,0,0.0,0,0
31,60,0,0.0,0,0
18,148,0,0.0,0,0
131,62,0,0.0,0,0
90,7,0,0.0,0,0
40,17,0,0.0,0,0
104,68,0,0.0,0,0
87,148,0,0.0,0,0
15,109,0,0.0,0,0
127,75,0,0.0,0,0
141,16,0,0.0,0,0
82,57,0,0.0,0,0
66,38,0,0.0,0,0
137,73,0,0.0,0,0
113,57,0,0.0,0,0
137,131,0,0.0,0,0
120,116,0,0.0,0,0
86,183,0,0.0,0,0
22,1,0,0.0,0,0
48,117,0,0.0,0,0
18,107,0,0.0,0,0
58,9,0,0.0,0,0
24,157,0,0.0,0,0
127,48,0,0.0,0,0
34,129,0,0.0,0,0
3,101,0,0.0,0,0
58,86,0,0.0,0,0
80,91,0,0.0,0,0
30,165,0,0.0,0,0
80,73,0,0.0,0,0
23,37,0,0.0,0,0
119,26,0,0.0,0,0
126,85,0,0.0,0,0
52,113,0,0.0,0,0
147,29,0,0.0,0,0
69,103,0,0.0,0,0
27,26,0,0.0,0,0
122,126,0,0.0,0,0
55,59,0,0.0,0,0
68,64,0,0.0,0,0
32,5,0,0.0,0,0
139,48,0,0.0,0,0
81,105,0,0.0,0,0
36,83,0,0.0,0,0
112,143,0,0.0,0,0
2,137,0,0.0,0,0
78,185,0,0.0,0,0
26,37,0,0.0,0,0
16,101,0,0.0,0,0
39,43,0,0.0,0,0
20,15,0,0.0,0,0
48,4,0,0.0,0,0
52,62,0,0.0,0,0
1,103,0,0.0,0,0
106,90,0,0.0,0,0
119,53,0,0.0,0,0
123,98,0,0.0,0,0
144,12,0,0.0,0,0
88,90,0,0.0,0,0
18,49,0,0.0,0,0
44,40,0,0.0,0,0
134,92,0,0.0,0,0
17,157,0,0.0,0,0
142,176,0,0.0,0,0
20,39,0,0.0,0,0
107,162,0,0.0,0,0
41,7,0,0.0,0,0
105,1,0,0.0,0,0
17,177,0,0.0,0,0
143,190,0,0.0,0,0
7,54,0,0.0,0,0
87,53,0,0.0,0,0
37,15,0,0.0,0,0
119,46,0,0.0,0,0
27,131,0,0.0,0,0
7,49,0,0.0,0,0
23,190,0,0.0,0,0
15,31,0,0.0,0,0
123,48,0,0.0,0,0
58,35,0,0.0,0,0
69,20,0,0.0,0,0
5,100,0,0.0,0,0
2,101,3,298.53,1,1
24,145,0,0.0,0,0
133,31,0,0.0,0,0
106,66,0,0.0,0,0
60,45,0,0.0,0,0
11,113,0,0.0,0,0
53,120,0,0.0,0,0
87,160,0,0.0,0,0
100,36,0,0.0,0,0
85,5,0,0.0,0,0
102,24,0,0.0,0,0
81,131,0,0.0,0,0
81,188,0,0.0,0,0
24,75,0,0.0,0,0
91,17,0,0.0,0,0
48,160,0,0.0,0,0
144,154,0,0.0,0,0
124,190,0,0.0,0,0
141,31,0,0.0,0,0
104,148,0,0.0,0,0
41,1,0,0.0,0,0
60,38,0,0.0,0,0
1,41,0,0.0,0,0
59,188,1,181.59,1,1
100,40,0,0.0,0,0
102,20,0,0.0,0,0
109,98,0,0.0,0,0
37,48,0,0.0,0,0
9,100,0,0.0,0,0
70,52,0,0.0,0,0
65,74,0,0.0,0,0
54,137,0,0.0,0,0
52,2,0,0.0,0,0
51,17,0,0.0,0,0
38,6,0,0.0,0,0
75,54,0,0.0,0,0
77,36,0,0.0,0,0
71,70,0,0.0,0,0
11,86,0,0.0,0,0
137,102,0,0.0,0,0
89,18,0,0.0,0,0
129,58,0,0.0,0,0
122,62,0,0.0,0,0
72,165,0,0.0,0,0
70,119,0,0.0,0,0
144,16,0,0.0,0,0
38,32,0,0.0,0,0
62,49,0,0.0,0,0
92,58,0,0.0,0,0
142,62,0,0.0,0,0
131,53,0,0.0,0,0
52,59,0,0.0,0,0
30,120,0,0.0,0,0
52,167,0,0.0,0,0
13,143,0,0.0,0,0
11,124,0,0.0,0,0
57,32,0,0.0,0,0
80,19,0,0.0,0,0
119,66,0,0.0,0,0
51,101,0,0.0,0,0
26,105,0,0.0,0,0
65,2,0,0.0,0,0
140,77,0,0.0,0,0
67,179,0,0.0,0,0
29,51,0,0.0,0,0
113,40,0,0.0,0,0
1,58,0,0.0,0,0
11,189,0,0.0,0,0
117,128,0,0.0,0,0
130,176,0,0.0,0,0
13,67,0,0.0,0,0
135,139,0,0.0,0,0
8,189,0,0.0,0,0
150,66,0,0.0,0,0
13,122,0,0.0,0,0
23,179,0,0.0,0,0
48,97,0,0.0,0,0
14,136,0,0.0,0,0
69,52,0,0.0,0,0
66,135,0,0.0,0,0
111,69,0,0.0,0,0
76,35,0,0.0,0,0
9,19,0,0.0,0,0
39,95,0,0.0,0,0
93,58,0,0.0,0,0
132,49,0,0.0,0,0
69,142,0,0.0,0,0
18,3,0,0.0,0,0
122,110,0,0.0,0,0
93,92,0,0.0,0,0
106,11,0,0.0,0,0
43,54,0,0.0,0,0
67,133,0,0.0,0,0
21,168,0,0.0,0,0
16,105,0,0.0,0,0
127,120,0,0.0,0,0
120,182,0,0.0,0,0
90,79,0,0.0,0,0
12,127,0,0.0,0,0
32,14,0,0.0,0,0
72,95,0,0.0,0,0
85,47,0,0.0,0,0
134,39,0,0.0,0,0
9,147,0,0.0,0,0
88,60,0,0.0,0,0
74,20,0,0.0,0,0
81,143,0,0.0,0,0
84,122,0,0.0,0,0
53,137,0,0.0,0,0
66,40,0,0.0,0,0
87,157,0,0.0,0,0
92,68,0,0.0,0,0
126,100,0,0.0,0,0
115,70,0,0.0,0,0
32,1,0,0.0,0,0
91,105,0,0.0,0,0
142,160,0,0.0,0,0
103,62,0,0.0,0,0
148,152,0,0.0,0,0
54,130,0,0.0,0,0
109,125,0,0.0,0,0
65,13,0,0.0,0,0
71,3,0,0.0,0,0
87,16,0,0.0,0,0
23,153,0,0.0,0,0
136,17,0,0.0,0,0
102,63,3,377.94,1,1
102,55,0,0.0,0,0
93,99,0,0.0,0,0
89,104,0,0.0,0,0
7,112,0,0.0,0,0
56,185,0,0.0,0,0
77,50,0,0.0,0,0
41,67,0,0.0,0,0
96,149,0,0.0,0,0
88,110,0,0.0,0,0
137,106,0,0.0,0,0
109,21,0,0.0,0,0
9,64,0,0.0,0,0
89,73,0,0.0,0,0
116,182,0,0.0,0,0
39,15,0,0.0,0,0
76,154,0,0.0,0,0
54,72,0,0.0,0,0
81,53,0,0.0,0,0
107,138,0,0.0,0,0
136,69,0,0.0,0,0
122,113,0,0.0,0,0
33,95,0,0.0,0,0
102,64,0,0.0,0,0
119,1,0,0.0,0,0
25,39,0,0.0,0,0
14,179,0,0.0,0,0
97,149,0,0.0,0,0
98,185,0,0.0,0,0
86,168,0,0.0,0,0
39,65,0,0.0,0,0
131,59,0,0.0,0,0
92,3,0,0.0,0,0
24,154,0,0.0,0,0
55,66,0,0.0,0,0
17,146,0,0.0,0,0
11,67,0,0.0,0,0
14,181,0,0.0,0,0
18,167,0,0.0,0,0
54,66,0,0.0,0,0
133,39,0,0.0,0,0
36,38,0,0.0,0,0
93,45,0,0.0,0,0
149,44,0,0.0,0,0
84,165,0,0.0,0,0
15,93,0,0.0,0,0
74,67,0,0.0,0,0
105,58,0,0.0,0,0
9,168,0,0.0,0,0
62,138,0,0.0,0,0
61,149,0,0.0,0,0
56,118,0,0.0,0,0
36,139,0,0.0,0,0
65,52,0,0.0,0,0
123,20,0,0.0,0,0
37,24,0,0.0,0,0
125,48,0,0.0,0,0
125,72,0,0.0,0,0
8,134,0,0.0,0,0
17,142,0,0.0,0,0
101,61,0,0.0,0,0
29,79,0,0.0,0,0
115,57,0,0.0,0,0
18,59,0,0.0,0,0
63,39,0,0.0,0,0
97,9,0,0.0,0,0
145,35,0,0.0,0,0
142,189,0,0.0,0,0
140,113,0,0.0,0,0
124,56,0,0.0,0,0
147,36,0,0.0,0,0
67,26,0,0.0,0,0
108,12,0,0.0,0,0
73,136,0,0.0,0,0
116,67,0,0.0,0,0
42,74,0,0.0,0,0
60,83,0,0.0,0,0
86,34,0,0.0,0,0
10,124,0,0.0,0,0
47,15,0,0.0,0,0
39,114,0,0.0,0,0
48,34,0,0.0,0,0
150,86,0,0.0,0,0
17,80,0,0.0,0,0
111,105,0,0.0,0,0
86,64,0,0.0,0,0
108,63,0,0.0,0,0
29,33,0,0.0,0,0
120,80,0,0.0,0,0
107,8,0,0.0,0,0
95,88,0,0.0,0,0
107,66,0,0.0,0,0
140,125,0,0.0,0,0
113,35,0,0.0,0,0
74,94,0,0.0,0,0
131,31,0,0.0,0,0
84,32,0,0.0,0,0
17,181,0,0.0,0,0
64,66,0,0.0,0,0
97,104,0,0.0,0,0
131,188,0,0.0,0,0
40,72,0,0.0,0,0
99,166,0,0.0,0,0
12,119,0,0.0,0,0
39,101,0,0.0,0,0
31,62,0,0.0,0,0
107,16,0,0.0,0,0
67,12,0,0.0,0,0
42,159,0,0.0,0,0
109,92,0,0.0,0,0
151,174,0,0.0,0,0
110,37,0,0.0,0,0
99,175,0,0.0,0,0
13,15,0,0.0,0,0
16,130,0,0.0,0,0
83,71,0,0.0,0,0
90,159,0,0.0,0,0
92,21,0,0.0,0,0
90,41,0,0.0,0,0
105,19,0,0.0,0,0
101,48,0,0.0,0,0
146,63,0,0.0,0,0
49,94,0,0.0,0,0
138,96,0,0.0,0,0
126,111,0,0.0,0,0
59,141,0,0.0,0,0
130,108,0,0.0,0,0
48,112,0,0.0,0,0
3,105,0,0.0,0,0
7,79,0,0.0,0,0
7,30,0,0.0,0,0
23,82,0,0.0,0,0
94,58,0,0.0,0,0
46,164,0,0.0,0,0
98,63,0,0.0,0,0
5,36,0,0.0,0,0
108,127,0,0.0,0,0
145,15,0,0.0,0,0
13,138,0,0.0,0,0
87,103,0,0.0,0,0
16,141,0,0.0,0,0
46,144,0,0.0,0,0
139,135,0,0.0,0,0
8,87,0,0.0,0,0
115,35,0,0.0,0,0
19,22,0,0.0,0,0
35,162,0,0.0,0,0
121,91,0,0.0,0,0
43,93,0,0.0,0,0
98,129,0,0.0,0,0
45,12,0,0.0,0,0
99,138,0,0.0,0,0
30,124,0,0.0,0,0
73,148,0,0.0,0,0
131,71,0,0.0,0,0
88,168,0,0.0,0,0
15,187,0,0.0,0,0
8,38,0,0.0,0,0
71,136,0,0.0,0,0
19,134,0,0.0,0,0
37,49,0,0.0,0,0
75,112,0,0.0,0,0
80,78,0,0.0,0,0
28,181,0,0.0,0,0
106,141,3,585.75,1,1
42,177,0,0.0,0,0
19,60,0,0.0,0,0
126,104,0,0.0,0,0
41,99,0,0.0,0,0
98,128,0,0.0,0,0
35,170,0,0.0,0,0
29,23,0,0.0,0,0
149,109,0,0.0,0,0
122,9,0,0.0,0,0
99,179,0,0.0,0,0
61,89,0,0.0,0,0
116,142,0,0.0,0,0
116,130,0,0.0,0,0
63,156,0,0.0,0,0
78,32,0,0.0,0,0
48,38,0,0.0,0,0
90,102,0,0.0,0,0
98,77,2,293.1,1,1
86,25,0,0.0,0,0
14,188,0,0.0,0,0
41,11,0,0.0,0,0
81,80,0,0.0,0,0
117,2,0,0.0,0,0
135,130,3,399.78,1,1
27,62,0,0.0,0,0
134,16,0,0.0,0,0
72,118,0,0.0,0,0
97,106,0,0.0,0,0
45,27,0,0.0,0,0
41,73,0,0.0,0,0
16,131,5,365.95,1,1
76,133,0,0.0,0,0
68,88,0,0.0,0,0
70,124,0,0.0,0,0
51,124,0,0.0,0,0
137,5,0,0.0,0,0
78,36,0,0.0,0,0
22,122,0,0.0,0,0
146,128,0,0.0,0,0
111,172,0,0.0,0,0
82,61,0,0.0,0,0
133,135,0,0.0,0,0
109,20,0,0.0,0,0
134,81,0,0.0,0,0
37,129,0,0.0,0,0
98,177,0,0.0,0,0
86,73,0,0.0,0,0
27,116,0,0.0,0,0
103,113,0,0.0,0,0
70,96,0,0.0,0,0
59,166,0,0.0,0,0
129,156,0,0.0,0,0
3,72,0,0.0,0,0
61,35,0,0.0,0,0
54,182,0,0.0,0,0
132,189,0,0.0,0,0
59,71,0,0.0,0,0
94,131,0,0.0,0,0
22,139,0,0.0,0,0
148,99,0,0.0,0,0
144,55,0,0.0,0,0
109,23,0,0.0,0,0
117,28,0,0.0,0,0
72,28,0,0.0,0,0
81,9,0,0.0,0,0
136,117,5,478.35,1,1
47,146,0,0.0,0,0
59,181,0,0.0,0,0
66,88,0,0.0,0,0
29,61,0,0.0,0,0
3,190,0,0.0,0,0
116,11,0,0.0,0,0
25,130,0,0.0,0,0
52,89,0,0.0,0,0
80,149,0,0.0,0,0
71,32,0,0.0,0,0
94,11,0,0.0,0,0
116,111,0,0.0,0,0
81,106,0,0.0,0,0
67,146,0,0.0,0,0
84,125,0,0.0,0,0
135,145,0,0.0,0,0
24,176,0,0.0,0,0
102,155,0,0.0,0,0
89,8,0,0.0,0,0
108,119,0,0.0,0,0
136,109,0,0.0,0,0
25,178,0,0.0,0,0
143,91,0,0.0,0,0
14,52,0,0.0,0,0
124,2,0,0.0,0,0
107,78,0,0.0,0,0
105,45,0,0.0,0,0
92,119,0,0.0,0,0
101,102,0,0.0,0,0
36,140,0,0.0,0,0
62,67,0,0.0,0,0
42,22,0,0.0,0,0
68,90,0,0.0,0,0
65,54,0,0.0,0,0
63,107,0,0.0,0,0
95,149,4,225.72,1,1
4,11,0,0.0,0,0
80,21,0,0.0,0,0
26,71,0,0.0,0,0
130,162,0,0.0,0,0
40,180,0,0.0,0,0
41,178,0,0.0,0,0
24,35,0,0.0,0,0
50,97,0,0.0,0,0
39,126,0,0.0,0,0
110,128,0,0.0,0,0
86,166,0,0.0,0,0
1,68,0,0.0,0,0
71,67,5,707.7,1,1
26,73,0,0.0,0,0
24,181,0,0.0,0,0
52,20,0,0.0,0,0
3,141,0,0.0,0,0
142,171,0,0.0,0,0
85,138,0,0.0,0,0
139,129,0,0.0,0,0
109,188,0,0.0,0,0
144,5,3,45.75,1,1
108,50,0,0.0,0,0
113,102,0,0.0,0,0
151,47,0,0.0,0,0
62,6,0,0.0,0,0
150,76,0,0.0,0,0
82,118,0,0.0,0,0
107,160,0,0.0,0,0
91,109,0,0.0,0,0
69,117,0,0.0,0,0
80,138,0,0.0,0,0
3,45,0,0.0,0,0
87,137,0,0.0,0,0
24,67,0,0.0,0,0
52,97,0,0.0,0,0
107,82,0,0.0,0,0
93,104,0,0.0,0,0
148,127,0,0.0,0,0
12,37,0,0.0,0,0
114,27,0,0.0,0,0
18,187,0,0.0,0,0
105,143,0,0.0,0,0
116,22,0,0.0,0,0
57,3,0,0.0,0,0
56,10,0,0.0,0,0
123,176,0,0.0,0,0
112,165,0,0.0,0,0
61,158,0,0.0,0,0
47,166,0,0.0,0,0
70,110,0,0.0,0,0
52,24,0,0.0,0,0
55,121,0,0.0,0,0
95,151,0,0.0,0,0
28,122,0,0.0,0,0
34,124,0,0.0,0,0
131,142,0,0.0,0,0
2,118,3,506.64,1,1
113,32,0,0.0,0,0
135,87,0,0.0,0,0
57,189,0,0.0,0,0
76,47,0,0.0,0,0
134,140,0,0.0,0,0
3,75,0,0.0,0,0
9,8,0,0.0,0,0
113,45,0,0.0,0,0
48,63,0,0.0,0,0
21,187,0,0.0,0,0
27,1,0,0.0,0,0
105,60,4,638.52,1,1
136,87,0,0.0,0,0
143,42,0,0.0,0,0
76,71,0,0.0,0,0
11,25,0,0.0,0,0
5,47,0,0.0,0,0
49,16,0,0.0,0,0
46,81,0,0.0,0,0
9,45,0,0.0,0,0
148,170,0,0.0,0,0
1,109,0,0.0,0,0
34,167,0,0.0,0,0
27,17,0,0.0,0,0
113,150,0,0.0,0,0
9,125,0,0.0,0,0
38,184,0,0.0,0,0
11,102,0,0.0,0,0
144,171,0,0.0,0,0
105,94,0,0.0,0,0
125,37,0,0.0,0,0
79,12,0,0.0,0,0
110,62,0,0.0,0,0
107,146,0,0.0,0,0
19,34,0,0.0,0,0
138,50,0,0.0,0,0
9,16,2,94.14,1,1
17,11,0,0.0,0,0
37,175,0,0.0,0,0
134,186,0,0.0,0,0
97,162,0,0.0,0,0
81,49,0,0.0,0,0
75,160,0,0.0,0,0
50,102,0,0.0,0,0
137,92,0,0.0,0,0
50,16,4,310.32,1,1
57,171,0,0.0,0,0
149,132,0,0.0,0,0
112,78,0,0.0,0,0
16,55,0,0.0,0,0
39,57,0,0.0,0,0
36,67,0,0.0,0,0
78,136,0,0.0,0,0
61,131,0,0.0,0,0
87,79,0,0.0,0,0
46,68,0,0.0,0,0
143,93,0,0.0,0,0
5,182,0,0.0,0,0
95,73,0,0.0,0,0
43,158,0,0.0,0,0
5,188,0,0.0,0,0
100,168,0,0.0,0,0
83,160,0,0.0,0,0
12,29,0,0.0,0,0
36,155,0,0.0,0,0
139,166,0,0.0,0,0
94,92,0,0.0,0,0
61,10,0,0.0,0,0
62,43,0,0.0,0,0
114,30,0,0.0,0,0
120,14,0,0.0,0,0
114,190,0,0.0,0,0
36,162,0,0.0,0,0
77,174,0,0.0,0,0
14,76,0,0.0,0,0
11,184,0,0.0,0,0
61,155,3,585.78,1,1
129,121,0,0.0,0,0
143,113,0,0.0,0,0
146,15,0,0.0,0,0
104,88,0,0.0,0,0
151,103,0,0.0,0,0
88,65,0,0.0,0,0
80,143,0,0.0,0,0
89,62,0,0.0,0,0
139,142,0,0.0,0,0
107,57,0,0.0,0,0
78,64,0,0.0,0,0
144,165,0,0.0,0,0
95,114,0,0.0,0,0
72,25,0,0.0,0,0
105,184,0,0.0,0,0
4,17,2,324.3,1,1
75,117,4,54.0,1,1
48,176,0,0.0,0,0
97,160,0,0.0,0,0
65,156,0,0.0,0,0
23,57,0,0.0,0,0
56,105,0,0.0,0,0
107,187,0,0.0,0,0
124,6,0,0.0,0,0
62,120,0,0.0,0,0
79,132,0,0.0,0,0
146,118,0,0.0,0,0
92,41,0,0.0,0,0
132,176,0,0.0,0,0
119,143,0,0.0,0,0
81,4,0,0.0,0,0
103,51,0,0.0,0,0
56,120,0,0.0,0,0
12,93,0,0.0,0,0
133,90,0,0.0,0,0
136,29,0,0.0,0,0
1,126,0,0.0,0,0
125,61,0,0.0,0,0
89,126,0,0.0,0,0
80,51,0,0.0,0,0
136,23,0,0.0,0,0
146,122,0,0.0,0,0
136,2,0,0.0,0,0
57,144,0,0.0,0,0
141,119,0,0.0,0,0
58,14,0,0.0,0,0
104,80,0,0.0,0,0
123,22,0,0.0,0,0
17,190,0,0.0,0,0
53,180,0,0.0,0,0
72,131,0,0.0,0,0
111,72,0,0.0,0,0
107,76,0,0.0,0,0
119,93,0,0.0,0,0
4,47,0,0.0,0,0
19,123,0,0.0,0,0
87,72,0,0.0,0,0
107,42,0,0.0,0,0
53,175,0,0.0,0,0
151,26,0,0.0,0,0
100,134,0,0.0,0,0
43,182,0,0.0,0,0
17,171,0,0.0,0,0
149,5,0,0.0,0,0
63,185,0,0.0,0,0
115,33,0,0.0,0,0
127,179,0,0.0,0,0
70,56,0,0.0,0,0
124,14,0,0.0,0,0
133,83,0,0.0,0,0
130,138,0,0.0,0,0
74,105,0,0.0,0,0
12,82,0,0.0,0,0
142,53,0,0.0,0,0
84,171,2,320.94,1,1
71,15,0,0.0,0,0
18,177,0,0.0,0,0
89,99,0,0.0,0,0
110,123,0,0.0,0,0
60,105,0,0.0,0,0
98,1,0,0.0,0,0
142,154,0,0.0,0,0
139,184,0,0.0,0,0
24,179,0,0.0,0,0
30,42,0,0.0,0,0
140,160,0,0.0,0,0
55,150,0,0.0,0,0
109,105,0,0.0,0,0
98,110,3,136.56,1,1
58,65,0,0.0,0,0
28,53,0,0.0,0,0
18,160,0,0.0,0,0
3,140,0,0.0,0,0
40,189,0,0.0,0,0
95,72,0,0.0,0,0
7,58,0,0.0,0,0
111,37,0,0.0,0,0
57,10,0,0.0,0,0
77,132,4,228.0,1,1
35,13,5,59.0,1,1
119,6,0,0.0,0,0
102,166,0,0.0,0,0
84,25,0,0.0,0,0
6,103,0,0.0,0,0
82,82,0,0.0,0,0
129,11,0,0.0,0,0
95,6,0,0.0,0,0
140,155,0,0.0,0,0
66,56,0,0.0,0,0
58,168,0,0.0,0,0
145,135,0,0.0,0,0
29,151,0,0.0,0,0
68,14,0,0.0,0,0
76,171,0,0.0,0,0
94,18,1,43.06,1,1
82,166,0,0.0,0,0
81,77,0,0.0,0,0
79,97,0,0.0,0,0
24,36,0,0.0,0,0
42,23,0,0.0,0,0
123,72,0,0.0,0,0
92,57,0,0.0,0,0
119,33,4,515.76,1,1
30,82,0,0.0,0,0
71,81,0,0.0,0,0
74,179,0,0.0,0,0
64,181,0,0.0,0,0
51,1,0,0.0,0,0
67,60,0,0.0,0,0
139,146,0,0.0,0,0
94,127,0,0.0,0,0
67,45,0,0.0,0,0
28,120,0,0.0,0,0
55,83,0,0.0,0,0
43,136,0,0.0,0,0
86,70,0,0.0,0,0
11,172,0,0.0,0,0
46,66,0,0.0,0,0
76,94,0,0.0,0,0
123,81,0,0.0,0,0
49,37,0,0.0,0,0
118,41,0,0.0,0,0
150,101,0,0.0,0,0
55,9,0,0.0,0,0
113,117,0,0.0,0,0
86,66,0,0.0,0,0
99,146,0,0.0,0,0
60,74,0,0.0,0,0
21,109,0,0.0,0,0
79,83,1,25.35,1,1
62,182,0,0.0,0,0
73,165,0,0.0,0,0
53,72,0,0.0,0,0
27,162,0,0.0,0,0
142,49,0,0.0,0,0
39,133,0,0.0,0,0
151,190,0,0.0,0,0
115,11,0,0.0,0,0
31,36,0,0.0,0,0
53,169,0,0.0,0,0
126,42,0,0.0,0,0
150,105,0,0.0,0,0
23,59,0,0.0,0,0
103,117,0,0.0,0,0
112,74,0,0.0,0,0
85,56,0,0.0,0,0
81,159,0,0.0,0,0
37,40,0,0.0,0,0
19,62,0,0.0,0,0
51,79,0,0.0,0,0
19,113,0,0.0,0,0
3,109,0,0.0,0,0
36,50,0,0.0,0,0
86,31,0,0.0,0,0
54,31,0,0.0,0,0
120,118,0,0.0,0,0
146,142,0,0.0,0,0
40,157,0,0.0,0,0
138,70,0,0.0,0,0
98,23,0,0.0,0,0
70,94,0,0.0,0,0
143,94,0,0.0,0,0
31,5,0,0.0,0,0
100,110,0,0.0,0,0
123,103,0,0.0,0,0
101,112,0,0.0,0,0
35,121,0,0.0,0,0
76,9,0,0.0,0,0
112,162,0,0.0,0,0
128,124,0,0.0,0,0
86,141,0,0.0,0,0
96,122,0,0.0,0,0
126,181,0,0.0,0,0
136,167,0,0.0,0,0
108,5,0,0.0,0,0
74,70,0,0.0,0,0
95,187,0,0.0,0,0
106,173,0,0.0,0,0
36,178,0,0.0,0,0
86,93,0,0.0,0,0
55,13,0,0.0,0,0
65,188,0,0.0,0,0
86,112,0,0.0,0,0
111,67,0,0.0,0,0
5,21,0,0.0,0,0
85,152,0,0.0,0,0
128,153,0,0.0,0,0
124,19,0,0.0,0,0
2,11,0,0.0,0,0
93,175,0,0.0,0,0
23,142,0,0.0,0,0
103,188,0,0.0,0,0
95,36,0,0.0,0,0
59,119,0,0.0,0,0
94,60,0,0.0,0,0
144,7,0,0.0,0,0
39,16,0,0.0,0,0
124,99,0,0.0,0,0
48,58,0,0.0,0,0
142,172,0,0.0,0,0
125,81,0,0.0,0,0
60,135,0,0.0,0,0
52,21,0,0.0,0,0
151,127,0,0.0,0,0
140,17,0,0.0,0,0
116,2,0,0.0,0,0
75,189,0,0.0,0,0
130,153,0,0.0,0,0
37,108,0,0.0,0,0
103,80,0,0.0,0,0
106,123,0,0.0,0,0
22,120,0,0.0,0,0
73,177,0,0.0,0,0
78,29,0,0.0,0,0
32,42,0,0.0,0,0
125,118,0,0.0,0,0
50,101,0,0.0,0,0
27,44,0,0.0,0,0
149,157,0,0.0,0,0
116,171,0,0.0,0,0
23,146,0,0.0,0,0
113,174,0,0.0,0,0
126,129,0,0.0,0,0
13,172,0,0.0,0,0
145,98,0,0.0,0,0
63,87,0,0.0,0,0
128,140,0,0.0,0,0
14,46,0,0.0,0,0
110,176,0,0.0,0,0
104,47,0,0.0,0,0
22,173,0,0.0,0,0
71,181,0,0.0,0,0
3,73,0,0.0,0,0
46,17,0,0.0,0,0
96,89,0,0.0,0,0
7,39,0,0.0,0,0
126,90,0,0.0,0,0
72,104,0,0.0,0,0
9,105,0,0.0,0,0
18,154,0,0.0,0,0
71,43,0,0.0,0,0
145,118,0,0.0,0,0
93,93,0,0.0,0,0
104,76,0,0.0,0,0
59,122,0,0.0,0,0
46,134,0,0.0,0,0
107,88,0,0.0,0,0
34,160,0,0.0,0,0
97,44,0,0.0,0,0
113,183,4,592.52,1,1
144,100,0,0.0,0,0
57,39,4,66.44,1,1
69,184,0,0.0,0,0
143,2,0,0.0,0,0
7,91,0,0.0,0,0
102,5,0,0.0,0,0
66,169,0,0.0,0,0
99,165,0,0.0,0,0
76,40,0,0.0,0,0
18,185,0,0.0,0,0
150,13,0,0.0,0,0
111,45,0,0.0,0,0
131,77,0,0.0,0,0
86,123,0,0.0,0,0
130,180,0,0.0,0,0
75,3,0,0.0,0,0
27,49,0,0.0,0,0
79,72,0,0.0,0,0
67,109,0,0.0,0,0
151,77,0,0.0,0,0
41,76,0,0.0,0,0
64,51,0,0.0,0,0
80,20,0,0.0,0,0
53,162,0,0.0,0,0
136,36,0,0.0,0,0
33,123,0,0.0,0,0
121,72,0,0.0,0,0
135,128,0,0.0,0,0
129,110,0,0.0,0,0
151,143,0,0.0,0,0
95,175,0,0.0,0,0
53,147,0,0.0,0,0
13,156,0,0.0,0,0
77,61,0,0.0,0,0
63,154,0,0.0,0,0
47,144,0,0.0,0,0
143,112,0,0.0,0,0
140,76,0,0.0,0,0
76,104,0,0.0,0,0
33,15,0,0.0,0,0
68,113,0,0.0,0,0
59,19,0,0.0,0,0
56,32,0,0.0,0,0
36,97,0,0.0,0,0
29,29,0,0.0,0,0
91,15,0,0.0,0,0
67,31,0,0.0,0,0
8,168,0,0.0,0,0
126,127,5,999.45,1,1
29,94,0,0.0,0,0
116,13,0,0.0,0,0
36,35,0,0.0,0,0
126,30,0,0.0,0,0
54,64,0,0.0,0,0
80,60,0,0.0,0,0
67,171,2,223.96,1,1
84,159,0,0.0,0,0
50,106,0,0.0,0,0
16,35,0,0.0,0,0
23,120,0,0.0,0,0
141,152,5,207.35,1,1
24,113,0,0.0,0,0
111,126,0,0.0,0,0
50,179,0,0.0,0,0
150,110,1,172.59,1,1
72,135,0,0.0,0,0
134,109,0,0.0,0,0
82,157,0,0.0,0,0
32,140,0,0.0,0,0
60,68,0,0.0,0,0
55,102,0,0.0,0,0
131,108,0,0.0,0,0
51,71,1,191.43,1,1
64,64,0,0.0,0,0
22,182,0,0.0,0,0
89,183,0,0.0,0,0
16,15,0,0.0,0,0
135,119,0,0.0,0,0
67,167,0,0.0,0,0
103,11,0,0.0,0,0
52,92,0,0.0,0,0
39,26,5,515.05,1,1
120,130,0,0.0,0,0
127,4,0,0.0,0,0
48,127,0,0.0,0,0
24,21,0,0.0,0,0
12,50,3,487.89,1,1
45,160,0,0.0,0,0
47,150,0,0.0,0,0
33,98,0,0.0,0,0
49,128,0,0.0,0,0
18,34,0,0.0,0,0
141,78,0,0.0,0,0
126,15,0,0.0,0,0
44,85,0,0.0,0,0
102,77,0,0.0,0,0
46,29,0,0.0,0,0
23,92,0,0.0,0,0
22,41,0,0.0,0,0
50,114,0,0.0,0,0
6,119,0,0.0,0,0
146,37,0,0.0,0,0
47,11,0,0.0,0,0
88,127,0,0.0,0,0
25,113,0,0.0,0,0
131,179,0,0.0,0,0
96,45,0,0.0,0,0
3,16,0,0.0,0,0
120,137,0,0.0,0,0
36,45,0,0.0,0,0
98,89,0,0.0,0,0
51,94,0,0.0,0,0
99,113,0,0.0,0,0
141,158,0,0.0,0,0
72,30,0,0.0,0,0
126,122,0,0.0,0,0
111,50,0,0.0,0,0
73,118,0,0.0,0,0
130,83,0,0.0,0,0
38,175,0,0.0,0,0
109,157,0,0.0,0,0
94,180,0,0.0,0,0
74,185,0,0.0,0,0
71,164,0,0.0,0,0
91,146,0,0.0,0,0
112,138,0,0.0,0,0
125,101,0,0.0,0,0
71,98,0,0.0,0,0
96,5,0,0.0,0,0
46,19,0,0.0,0,0
20,9,0,0.0,0,0
49,102,0,0.0,0,0
84,18,0,0.0,0,0
98,83,0,0.0,0,0
147,150,0,0.0,0,0
89,79,0,0.0,0,0
15,154,0,0.0,0,0
18,189,0,0.0,0,0
134,51,0,0.0,0,0
73,59,0,0.0,0,0
104,142,0,0.0,0,0
107,104,0,0.0,0,0
118,134,0,0.0,0,0
151,109,0,0.0,0,0
68,158,0,0.0,0,0
135,164,0,0.0,0,0
82,54,0,0.0,0,0
149,162,0,0.0,0,0
46,143,0,0.0,0,0
88,123,0,0.0,0,0
70,147,0,0.0,0,0
63,17,0,0.0,0,0
40,154,4,173.88,1,1
107,164,0,0.0,0,0
124,12,0,0.0,0,0
148,71,0,0.0,0,0
133,141,0,0.0,0,0
41,16,0,0.0,0,0
111,153,0,0.0,0,0
151,178,0,0.0,0,0
60,127,0,0.0,0,0
4,104,0,0.0,0,0
141,61,0,0.0,0,0
147,55,0,0.0,0,0
147,93,0,0.0,0,0
64,54,0,0.0,0,0
106,40,0,0.0,0,0
42,100,0,0.0,0,0
22,169,0,0.0,0,0
19,87,0,0.0,0,0
64,77,0,0.0,0,0
9,48,0,0.0,0,0
20,113,0,0.0,0,0
89,75,0,0.0,0,0
44,139,0,0.0,0,0
113,190,0,0.0,0,0
89,138,0,0.0,0,0
111,26,0,0.0,0,0
85,66,0,0.0,0,0
99,162,0,0.0,0,0
62,39,0,0.0,0,0
57,28,0,0.0,0,0
86,120,0,0.0,0,0
111,122,0,0.0,0,0
114,54,0,0.0,0,0
125,137,0,0.0,0,0
69,187,0,0.0,0,0
40,83,0,0.0,0,0
151,149,0,0.0,0,0
106,129,0,0.0,0,0
123,19,0,0.0,0,0
102,96,0,0.0,0,0
120,179,0,0.0,0,0
44,23,0,0.0,0,0
70,113,0,0.0,0,0
36,59,0,0.0,0,0
105,159,0,0.0,0,0
94,178,0,0.0,0,0
121,120,0,0.0,0,0
91,130,0,0.0,0,0
40,184,0,0.0,0,0
63,152,0,0.0,0,0
116,80,0,0.0,0,0
100,187,0,0.0,0,0
125,11,0,0.0,0,0
41,64,0,0.0,0,0
57,110,0,0.0,0,0
136,80,0,0.0,0,0
1,129,0,0.0,0,0
22,100,0,0.0,0,0
81,87,0,0.0,0,0
126,124,0,0.0,0,0
38,102,0,0.0,0,0
151,78,0,0.0,0,0
45,175,0,0.0,0,0
36,43,0,0.0,0,0
59,152,0,0.0,0,0
71,37,0,0.0,0,0
113,65,0,0.0,0,0
6,1,0,0.0,0,0
105,153,0,0.0,0,0
75,20,0,0.0,0,0
26,60,0,0.0,0,0
71,9,0,0.0,0,0
25,101,0,0.0,0,0
60,185,0,0.0,0,0
27,140,0,0.0,0,0
139,109,0,0.0,0,0
138,109,0,0.0,0,0
144,159,0,0.0,0,0
103,133,0,0.0,0,0
144,8,0,0.0,0,0
67,100,0,0.0,0,0
71,24,0,0.0,0,0
30,153,0,0.0,0,0
122,77,0,0.0,0,0
31,159,0,0.0,0,0
78,154,0,0.0,0,0
148,173,0,0.0,0,0
42,185,0,0.0,0,0
148,102,0,0.0,0,0
35,11,0,0.0,0,0
20,172,0,0.0,0,0
30,109,0,0.0,0,0
60,132,0,0.0,0,0
135,37,0,0.0,0,0
87,124,0,0.0,0,0
135,18,0,0.0,0,0
55,122,0,0.0,0,0
3,18,0,0.0,0,0
36,58,0,0.0,0,0
97,47,0,0.0,0,0
60,123,0,0.0,0,0
129,183,0,0.0,0,0
36,79,0,0.0,0,0
112,47,0,0.0,0,0
46,7,4,782.56,1,1
119,109,0,0.0,0,0
19,99,0,0.0,0,0
136,64,0,0.0,0,0
149,25,0,0.0,0,0
96,32,0,0.0,0,0
26,46,0,0.0,0,0
139,122,0,0.0,0,0
53,8,0,0.0,0,0
67,16,0,0.0,0,0
34,174,0,0.0,0,0
117,168,0,0.0,0,0
78,61,0,0.0,0,0
50,80,0,0.0,0,0
99,27,0,0.0,0,0
86,5,0,0.0,0,0
34,189,3,41.13,1,1
145,89,0,0.0,0,0
16,99,0,0.0,0,0
8,12,0,0.0,0,0
151,75,0,0.0,0,0
123,80,0,0.0,0,0
140,85,0,0.0,0,0
25,20,0,0.0,0,0
73,167,0,0.0,0,0
85,187,0,0.0,0,0
8,23,0,0.0,0,0
5,149,0,0.0,0,0
59,138,0,0.0,0,0
100,31,0,0.0,0,0
46,158,0,0.0,0,0
26,78,0,0.0,0,0
148,12,0,0.0,0,0
80,163,0,0.0,0,0
132,35,0,0.0,0,0
91,61,0,0.0,0,0
55,47,0,0.0,0,0
26,40,0,0.0,0,0
63,147,0,0.0,0,0
127,78,0,0.0,0,0
79,85,0,0.0,0,0
107,67,0,0.0,0,0
74,57,0,0.0,0,0
135,118,0,0.0,0,0
106,94,0,0.0,0,0
1,172,0,0.0,0,0
56,158,0,0.0,0,0
88,172,0,0.0,0,0
127,5,0,0.0,0,0
54,93,0,0.0,0,0
18,150,0,0.0,0,0
63,93,0,0.0,0,0
27,28,0,0.0,0,0
8,14,0,0.0,0,0
59,90,0,0.0,0,0
116,4,0,0.0,0,0
131,72,2,358.0,1,1
90,93,0,0.0,0,0
37,173,0,0.0,0,0
21,88,0,0.0,0,0
127,163,0,0.0,0,0
91,91,0,0.0,0,0
36,8,0,0.0,0,0
126,41,0,0.0,0,0
148,105,0,0.0,0,0
141,186,0,0.0,0,0
34,34,0,0.0,0,0
86,125,0,0.0,0,0
139,186,0,0.0,0,0
12,159,0,0.0,0,0
84,144,0,0.0,0,0
132,167,0,0.0,0,0
11,2,0,0.0,0,0
28,67,0,0.0,0,0
125,73,0,0.0,0,0
58,44,0,0.0,0,0
43,82,0,0.0,0,0
102,129,0,0.0,0,0
45,151,0,0.0,0,0
74,181,0,0.0,0,0
95,174,0,0.0,0,0
148,149,0,0.0,0,0
102,147,0,0.0,0,0
88,185,0,0.0,0,0
93,148,0,0.0,0,0
104,33,0,0.0,0,0
113,94,0,0.0,0,0
21,133,0,0.0,0,0
103,100,0,0.0,0,0
60,12,0,0.0,0,0
77,150,0,0.0,0,0
82,33,0,0.0,0,0
143,58,0,0.0,0,0
105,129,0,0.0,0,0
18,22,0,0.0,0,0
116,158,0,0.0,0,0
118,106,0,0.0,0,0
65,40,0,0.0,0,0
141,26,0,0.0,0,0
110,51,0,0.0,0,0
56,116,0,0.0,0,0
34,79,0,0.0,0,0
147,9,0,0.0,0,0
72,79,0,0.0,0,0
55,133,0,0.0,0,0
49,57,0,0.0,0,0
129,159,0,0.0,0,0
26,145,0,0.0,0,0
69,55,0,0.0,0,0
104,10,3,396.54,1,1
55,39,0,0.0,0,0
139,155,0,0.0,0,0
122,3,0,0.0,0,0
107,171,0,0.0,0,0
89,167,0,0.0,0,0
118,54,0,0.0,0,0
119,37,0,0.0,0,0
6,25,0,0.0,0,0
56,107,0,0.0,0,0
69,174,0,0.0,0,0
72,138,0,0.0,0,0
22,171,0,0.0,0,0
76,130,0,0.0,0,0
17,103,0,0.0,0,0
60,66,0,0.0,0,0
10,90,0,0.0,0,0
66,45,0,0.0,0,0
106,139,0,0.0,0,0
62,137,0,0.0,0,0
79,1,0,0.0,0,0
87,138,0,0.0,0,0
29,120,0,0.0,0,0
37,58,0,0.0,0,0
111,136,0,0.0,0,0
148,3,0,0.0,0,0
124,95,0,0.0,0,0
111,102,0,0.0,0,0
10,81,0,0.0,0,0
99,62,0,0.0,0,0
68,93,0,0.0,0,0
119,58,0,0.0,0,0
132,149,0,0.0,0,0
141,3,0,0.0,0,0
60,154,0,0.0,0,0
27,101,0,0.0,0,0
92,94,0,0.0,0,0
124,33,0,0.0,0,0
55,162,0,0.0,0,0
17,178,0,0.0,0,0
110,73,0,0.0,0,0
114,53,0,0.0,0,0
109,126,0,0.0,0,0
79,50,0,0.0,0,0
118,95,0,0.0,0,0
26,55,0,0.0,0,0
89,26,0,0.0,0,0
24,180,0,0.0,0,0
98,36,0,0.0,0,0
68,140,0,0.0,0,0
58,153,0,0.0,0,0
40,24,0,0.0,0,0
10,105,0,0.0,0,0
36,12,0,0.0,0,0
41,168,0,0.0,0,0
86,63,0,0.0,0,0
82,146,0,0.0,0,0
30,12,0,0.0,0,0
74,48,0,0.0,0,0
53,3,0,0.0,0,0
103,132,0,0.0,0,0
131,123,0,0.0,0,0
151,72,0,0.0,0,0
49,44,0,0.0,0,0
103,38,0,0.0,0,0
52,76,0,0.0,0,0
22,69,0,0.0,0,0
110,172,0,0.0,0,0
119,176,0,0.0,0,0
147,58,0,0.0,0,0
115,173,0,0.0,0,0
89,141,0,0.0,0,0
89,140,0,0.0,0,0
35,186,0,0.0,0,0
114,107,0,0.0,0,0
54,49,0,0.0,0,0
145,4,0,0.0,0,0
7,140,0,0.0,0,0
111,176,0,0.0,0,0
98,154,0,0.0,0,0
46,77,0,0.0,0,0
22,162,0,0.0,0,0
7,107,0,0.0,0,0
67,127,0,0.0,0,0
47,147,0,0.0,0,0
35,81,0,0.0,0,0
5,174,0,0.0,0,0
47,97,0,0.0,0,0
37,16,0,0.0,0,0
64,44,0,0.0,0,0
22,7,0,0.0,0,0
108,44,0,0.0,0,0
103,177,0,0.0,0,0
42,31,0,0.0,0,0
67,102,0,0.0,0,0
121,103,0,0.0,0,0
25,63,0,0.0,0,0
50,9,0,0.0,0,0
75,156,0,0.0,0,0
112,59,0,0.0,0,0
80,160,0,0.0,0,0
106,170,0,0.0,0,0
91,4,0,0.0,0,0
22,189,0,0.0,0,0
53,97,0,0.0,0,0
3,124,0,0.0,0,0
112,31,0,0.0,0,0
39,163,0,0.0,0,0
10,100,0,0.0,0,0
14,93,0,0.0,0,0
25,132,0,0.0,0,0
85,83,0,0.0,0,0
125,4,0,0.0,0,0
139,57,0,0.0,0,0
97,130,0,0.0,0,0
57,93,0,0.0,0,0
34,184,0,0.0,0,0
97,155,0,0.0,0,0
42,34,0,0.0,0,0
97,187,0,0.0,0,0
129,100,0,0.0,0,0
82,29,0,0.0,0,0
81,38,0,0.0,0,0
105,12,0,0.0,0,0
43,101,0,0.0,0,0
50,125,0,0.0,0,0
110,173,0,0.0,0,0
125,131,0,0.0,0,0
66,61,0,0.0,0,0
21,125,0,0.0,0,0
1,128,0,0.0,0,0
146,82,0,0.0,0,0
119,27,0,0.0,0,0
110,141,0,0.0,0,0
88,80,0,0.0,0,0
96,26,0,0.0,0,0
35,184,0,0.0,0,0
76,54,0,0.0,0,0
105,167,0,0.0,0,0
111,56,0,0.0,0,0
67,138,0,0.0,0,0
61,140,0,0.0,0,0
93,171,0,0.0,0,0
20,73,0,0.0,0,0
129,9,0,0.0,0,0
88,18,0,0.0,0,0
6,139,0,0.0,0,0
138,77,0,0.0,0,0
37,9,0,0.0,0,0
52,73,0,0.0,0,0
107,27,0,0.0,0,0
50,48,0,0.0,0,0
102,56,0,0.0,0,0
103,174,0,0.0,0,0
143,130,0,0.0,0,0
119,82,0,0.0,0,0
35,141,0,0.0,0,0
130,6,0,0.0,0,0
124,80,0,0.0,0,0
93,67,0,0.0,0,0
52,149,0,0.0,0,0
134,93,0,0.0,0,0
24,55,0,0.0,0,0
131,60,0,0.0,0,0
42,80,0,0.0,0,0
124,64,0,0.0,0,0
56,88,0,0.0,0,0
32,168,0,0.0,0,0
12,73,0,0.0,0,0
71,176,0,0.0,0,0
25,162,0,0.0,0,0
96,9,0,0.0,0,0
44,179,0,0.0,0,0
140,27,0,0.0,0,0
147,86,0,0.0,0,0
103,114,0,0.0,0,0
16,154,0,0.0,0,0
50,123,0,0.0,0,0
150,175,0,0.0,0,0
50,77,0,0.0,0,0
17,149,0,0.0,0,0
71,60,0,0.0,0,0
88,182,0,0.0,0,0
79,171,0,0.0,0,0
96,174,3,482.31,1,1
112,166,0,0.0,0,0
10,136,0,0.0,0,0
69,118,0,0.0,0,0
131,85,0,0.0,0,0
129,111,0,0.0,0,0
29,93,0,0.0,0,0
35,60,0,0.0,0,0
1,1,1,145.06,1,1
111,79,0,0.0,0,0
107,31,0,0.0,0,0
92,102,0,0.0,0,0
14,97,0,0.0,0,0
132,180,0,0.0,0,0
48,3,0,0.0,0,0
70,24,0,0.0,0,0
136,178,0,0.0,0,0
105,65,0,0.0,0,0
35,124,0,0.0,0,0
134,132,0,0.0,0,0
82,176,0,0.0,0,0
121,96,0,0.0,0,0
125,36,0,0.0,0,0
134,148,0,0.0,0,0
53,141,0,0.0,0,0
13,103,0,0.0,0,0
105,76,0,0.0,0,0
10,76,0,0.0,0,0
134,181,0,0.0,0,0
93,68,0,0.0,0,0
45,25,0,0.0,0,0
3,14,0,0.0,0,0
82,131,0,0.0,0,0
137,19,0,0.0,0,0
62,139,3,315.48,1,1
101,180,5,264.45,1,1
88,145,0,0.0,0,0
48,157,0,0.0,0,0
83,96,0,0.0,0,0
97,15,0,0.0,0,0
11,40,0,0.0,0,0
104,70,0,0.0,0,0
1,43,0,0.0,0,0
15,8,0,0.0,0,0
10,20,0,0.0,0,0
149,65,0,0.0,0,0
104,109,0,0.0,0,0
99,121,0,0.0,0,0
121,101,0,0.0,0,0
51,113,0,0.0,0,0
128,3,0,0.0,0,0
20,105,0,0.0,0,0
47,67,3,537.03,1,1
50,86,0,0.0,0,0
150,165,0,0.0,0,0
5,169,0,0.0,0,0
40,90,0,0.0,0,0
40,91,0,0.0,0,0
41,120,2,382.14,1,1
53,103,0,0.0,0,0
150,143,0,0.0,0,0
53,16,4,252.72,1,1
125,103,0,0.0,0,0
4,169,0,0.0,0,0
54,13,0,0.0,0,0
76,16,0,0.0,0,0
24,144,0,0.0,0,0
50,172,0,0.0,0,0
38,132,0,0.0,0,0
75,130,0,0.0,0,0
20,91,0,0.0,0,0
118,187,0,0.0,0,0
130,187,0,0.0,0,0
73,55,0,0.0,0,0
119,134,0,0.0,0,0
63,33,0,0.0,0,0
107,50,5,813.15,1,1
74,147,0,0.0,0,0
46,37,0,0.0,0,0
99,177,0,0.0,0,0
146,124,0,0.0,0,0
50,117,0,0.0,0,0
137,17,0,0.0,0,0
99,124,0,0.0,0,0
124,28,0,0.0,0,0
128,129,0,0.0,0,0
51,146,0,0.0,0,0
9,190,0,0.0,0,0
32,126,0,0.0,0,0
95,63,0,0.0,0,0
63,28,0,0.0,0,0
3,60,0,0.0,0,0
18,99,0,0.0,0,0
69,28,0,0.0,0,0
137,99,0,0.0,0,0
51,50,0,0.0,0,0
79,77,0,0.0,0,0
56,26,0,0.0,0,0
12,173,0,0.0,0,0
85,185,0,0.0,0,0
88,11,0,0.0,0,0
96,13,0,0.0,0,0
57,151,0,0.0,0,0
125,22,0,0.0,0,0
147,181,0,0.0,0,0
121,149,0,0.0,0,0
39,118,2,268.1,1,1
127,109,0,0.0,0,0
142,190,0,0.0,0,0
34,94,0,0.0,0,0
97,140,0,0.0,0,0
55,51,0,0.0,0,0
94,61,0,0.0,0,0
56,37,0,0.0,0,0
45,104,0,0.0,0,0
63,101,0,0.0,0,0
85,26,0,0.0,0,0
35,127,0,0.0,0,0
105,37,0,0.0,0,0
43,173,0,0.0,0,0
7,76,0,0.0,0,0
102,33,0,0.0,0,0
112,43,0,0.0,0,0
100,104,0,0.0,0,0
20,16,0,0.0,0,0
46,39,0,0.0,0,0
130,90,0,0.0,0,0
4,144,0,0.0,0,0
21,20,0,0.0,0,0
14,175,0,0.0,0,0
10,109,4,780.0,1,1
73,60,0,0.0,0,0
36,175,0,0.0,0,0
56,42,0,0.0,0,0
52,25,0,0.0,0,0
28,106,0,0.0,0,0
117,23,0,0.0,0,0
43,5,0,0.0,0,0
27,151,0,0.0,0,0
86,173,0,0.0,0,0
77,49,0,0.0,0,0
141,54,0,0.0,0,0
8,66,0,0.0,0,0
149,87,0,0.0,0,0
33,3,0,0.0,0,0
76,99,0,0.0,0,0
54,73,0,0.0,0,0
119,173,0,0.0,0,0
34,75,0,0.0,0,0
148,96,0,0.0,0,0
10,159,0,0.0,0,0
116,7,0,0.0,0,0
123,127,0,0.0,0,0
81,93,0,0.0,0,0
79,184,0,0.0,0,0
23,66,0,0.0,0,0
149,171,0,0.0,0,0
15,10,0,0.0,0,0
90,43,0,0.0,0,0
61,69,0,0.0,0,0
8,26,0,0.0,0,0
1,149,4,785.08,1,1
99,104,0,0.0,0,0
99,94,0,0.0,0,0
70,189,0,0.0,0,0
72,141,0,0.0,0,0
122,189,0,0.0,0,0
37,96,0,0.0,0,0
30,77,0,0.0,0,0
140,29,0,0.0,0,0
107,145,0,0.0,0,0
83,59,0,0.0,0,0
133,59,0,0.0,0,0
149,36,0,0.0,0,0
116,94,0,0.0,0,0
141,18,0,0.0,0,0
132,154,0,0.0,0,0
67,131,0,0.0,0,0
141,171,0,0.0,0,0
3,155,0,0.0,0,0
125,21,0,0.0,0,0
111,103,0,0.0,0,0
98,79,0,0.0,0,0
74,156,0,0.0,0,0
150,4,0,0.0,0,0
151,76,0,0.0,0,0
33,93,0,0.0,0,0
85,3,0,0.0,0,0
31,22,0,0.0,0,0
93,160,0,0.0,0,0
5,95,0,0.0,0,0
45,30,0,0.0,0,0
122,187,0,0.0,0,0
13,131,0,0.0,0,0
138,137,0,0.0,0,0
105,43,0,0.0,0,0
147,43,0,0.0,0,0
122,33,0,0.0,0,0
133,58,0,0.0,0,0
117,62,0,0.0,0,0
18,89,0,0.0,0,0
105,70,0,0.0,0,0
109,162,0,0.0,0,0
19,100,0,0.0,0,0
57,111,0,0.0,0,0
61,109,0,0.0,0,0
108,162,0,0.0,0,0
136,133,0,0.0,0,0
76,187,0,0.0,0,0
146,158,0,0.0,0,0
144,158,0,0.0,0,0
8,140,0,0.0,0,0
19,51,0,0.0,0,0
37,126,0,0.0,0,0
23,111,0,0.0,0,0
104,6,0,0.0,0,0
122,49,0,0.0,0,0
111,140,0,0.0,0,0
121,25,0,0.0,0,0
96,188,0,0.0,0,0
124,154,0,0.0,0,0
98,42,0,0.0,0,0
36,30,0,0.0,0,0
112,46,0,0.0,0,0
69,8,0,0.0,0,0
17,131,0,0.0,0,0
94,170,0,0.0,0,0
48,108,0,0.0,0,0
42,7,0,0.0,0,0
45,49,0,0.0,0,0
91,120,0,0.0,0,0
103,36,0,0.0,0,0
16,56,0,0.0,0,0
111,30,0,0.0,0,0
62,3,0,0.0,0,0
26,186,0,0.0,0,0
55,48,0,0.0,0,0
57,100,0,0.0,0,0
24,184,0,0.0,0,0
148,179,0,0.0,0,0
103,72,0,0.0,0,0
11,159,0,0.0,0,0
5,45,0,0.0,0,0
105,11,0,0.0,0,0
140,158,0,0.0,0,0
32,170,0,0.0,0,0
92,12,0,0.0,0,0
9,108,0,0.0,0,0
125,183,0,0.0,0,0
6,5,0,0.0,0,0
14,123,0,0.0,0,0
97,87,0,0.0,0,0
138,145,0,0.0,0,0
87,64,0,0.0,0,0
148,176,0,0.0,0,0
137,63,0,0.0,0,0
105,108,0,0.0,0,0
74,118,0,0.0,0,0
96,165,0,0.0,0,0
3,7,0,0.0,0,0
123,153,0,0.0,0,0
139,39,0,0.0,0,0
51,34,0,0.0,0,0
131,170,0,0.0,0,0
57,118,0,0.0,0,0
71,157,0,0.0,0,0
47,77,0,0.0,0,0
147,83,0,0.0,0,0
76,179,0,0.0,0,0
129,25,0,0.0,0,0
49,129,0,0.0,0,0
9,85,0,0.0,0,0
110,85,0,0.0,0,0
95,166,0,0.0,0,0
59,109,0,0.0,0,0
4,76,0,0.0,0,0
134,96,0,0.0,0,0
18,179,0,0.0,0,0
129,107,0,0.0,0,0
48,188,0,0.0,0,0
65,3,0,0.0,0,0
105,169,0,0.0,0,0
37,31,0,0.0,0,0
25,135,0,0.0,0,0
118,82,0,0.0,0,0
73,106,0,0.0,0,0
107,71,3,446.52,1,1
51,145,0,0.0,0,0
69,190,0,0.0,0,0
117,11,0,0.0,0,0
1,53,0,0.0,0,0
147,89,0,0.0,0,0
2,80,0,0.0,0,0
124,50,0,0.0,0,0
90,12,0,0.0,0,0
5,13,0,0.0,0,0
84,50,0,0.0,0,0
55,75,0,0.0,0,0
41,127,0,0.0,0,0
124,100,0,0.0,0,0
99,103,0,0.0,0,0
28,152,0,0.0,0,0
91,118,0,0.0,0,0
4,179,0,0.0,0,0
49,112,0,0.0,0,0
98,176,0,0.0,0,0
5,25,0,0.0,0,0
59,171,0,0.0,0,0
43,171,0,0.0,0,0
119,78,0,0.0,0,0
146,77,0,0.0,0,0
137,14,0,0.0,0,0
41,3,0,0.0,0,0
133,180,0,0.0,0,0
68,44,0,0.0,0,0
118,152,0,0.0,0,0
38,138,0,0.0,0,0
120,75,0,0.0,0,0
34,126,0,0.0,0,0
34,120,0,0.0,0,0
133,13,0,0.0,0,0
69,151,0,0.0,0,0
81,124,0,0.0,0,0
62,134,0,0.0,0,0
105,88,0,0.0,0,0
53,73,0,0.0,0,0
80,180,0,0.0,0,0
49,79,0,0.0,0,0
16,169,0,0.0,0,0
135,183,0,0.0,0,0
111,46,0,0.0,0,0
98,14,0,0.0,0,0
9,171,0,0.0,0,0
4,155,0,0.0,0,0
55,21,0,0.0,0,0
12,125,0,0.0,0,0
82,66,0,0.0,0,0
12,58,0,0.0,0,0
95,122,0,0.0,0,0
33,174,0,0.0,0,0
70,18,0,0.0,0,0
19,54,0,0.0,0,0
73,90,0,0.0,0,0
1,148,0,0.0,0,0
94,165,0,0.0,0,0
121,126,0,0.0,0,0
120,122,0,0.0,0,0
63,105,0,0.0,0,0
90,39,0,0.0,0,0
56,129,0,0.0,0,0
33,103,0,0.0,0,0
98,151,0,0.0,0,0
41,102,0,0.0,0,0
119,76,0,0.0,0,0
72,41,0,0.0,0,0
96,85,0,0.0,0,0
105,34,0,0.0,0,0
83,150,0,0.0,0,0
48,178,0,0.0,0,0
18,138,0,0.0,0,0
79,110,0,0.0,0,0
53,68,0,0.0,0,0
116,61,2,135.24,1,1
112,114,0,0.0,0,0
146,174,0,0.0,0,0
83,143,0,0.0,0,0
69,50,0,0.0,0,0
130,130,0,0.0,0,0
138,167,0,0.0,0,0
28,80,0,0.0,0,0
140,153,0,0.0,0,0
7,173,0,0.0,0,0
83,121,0,0.0,0,0
83,60,0,0.0,0,0
56,86,5,711.2,1,1
3,52,0,0.0,0,0
137,144,0,0.0,0,0
109,179,0,0.0,0,0
53,143,0,0.0,0,0
97,100,0,0.0,0,0
112,49,0,0.0,0,0
122,128,0,0.0,0,0
108,48,0,0.0,0,0
3,132,0,0.0,0,0
42,8,0,0.0,0,0
37,182,0,0.0,0,0
114,72,0,0.0,0,0
105,127,0,0.0,0,0
45,47,0,0.0,0,0
93,74,0,0.0,0,0
145,59,4,400.16,1,1
139,190,0,0.0,0,0
141,91,0,0.0,0,0
122,149,0,0.0,0,0
127,92,0,0.0,0,0
57,183,0,0.0,0,0
32,27,0,0.0,0,0
24,173,0,0.0,0,0
62,125,0,0.0,0,0
95,116,0,0.0,0,0
72,44,0,0.0,0,0
39,124,0,0.0,0,0
23,117,0,0.0,0,0
26,53,0,0.0,0,0
137,137,0,0.0,0,0
14,36,0,0.0,0,0
72,26,0,0.0,0,0
53,96,0,0.0,0,0
63,13,0,0.0,0,0
71,1,0,0.0,0,0
133,70,0,0.0,0,0
25,82,0,0.0,0,0
118,171,0,0.0,0,0
147,62,0,0.0,0,0
144,186,0,0.0,0,0
125,113,0,0.0,0,0
86,162,0,0.0,0,0
62,57,0,0.0,0,0
118,3,0,0.0,0,0
38,101,0,0.0,0,0
28,135,0,0.0,0,0
10,101,0,0.0,0,0
114,83,0,0.0,0,0
121,140,0,0.0,0,0
78,30,0,0.0,0,0
119,43,0,0.0,0,0
23,132,0,0.0,0,0
61,181,0,0.0,0,0
62,183,0,0.0,0,0
136,123,0,0.0,0,0
123,57,0,0.0,0,0
69,17,0,0.0,0,0
141,20,3,552.06,1,1
103,60,0,0.0,0,0
83,12,0,0.0,0,0
100,12,0,0.0,0,0
146,91,0,0.0,0,0
47,22,0,0.0,0,0
93,20,0,0.0,0,0
42,164,0,0.0,0,0
115,108,0,0.0,0,0
92,147,0,0.0,0,0
104,164,0,0.0,0,0
4,90,0,0.0,0,0
6,175,0,0.0,0,0
79,90,0,0.0,0,0
72,122,0,0.0,0,0
100,167,0,0.0,0,0
108,65,0,0.0,0,0
119,9,0,0.0,0,0
86,29,5,322.6,1,1
26,82,2,268.4,1,1
24,167,0,0.0,0,0
132,122,0,0.0,0,0
92,109,0,0.0,0,0
44,22,0,0.0,0,0
9,179,0,0.0,0,0
62,143,0,0.0,0,0
23,99,0,0.0,0,0
37,137,0,0.0,0,0
112,97,0,0.0,0,0
122,74,0,0.0,0,0
71,163,0,0.0,0,0
2,168,0,0.0,0,0
30,69,0,0.0,0,0
151,34,0,0.0,0,0
146,70,0,0.0,0,0
125,107,0,0.0,0,0
6,38,0,0.0,0,0
117,73,0,0.0,0,0
94,164,0,0.0,0,0
142,109,0,0.0,0,0
46,162,0,0.0,0,0
39,162,0,0.0,0,0
14,99,0,0.0,0,0
10,151,0,0.0,0,0
116,113,0,0.0,0,0
26,177,0,0.0,0,0
99,69,0,0.0,0,0
121,110,0,0.0,0,0
87,56,0,0.0,0,0
7,119,0,0.0,0,0
99,189,0,0.0,0,0
74,36,0,0.0,0,0
131,76,0,0.0,0,0
48,185,0,0.0,0,0
49,146,0,0.0,0,0
141,62,0,0.0,0,0
40,103,0,0.0,0,0
149,70,0,0.0,0,0
32,2,0,0.0,0,0
108,53,0,0.0,0,0
136,129,0,0.0,0,0
4,163,0,0.0,0,0
116,175,0,0.0,0,0
16,119,0,0.0,0,0
3,186,0,0.0,0,0
31,63,0,0.0,0,0
58,18,0,0.0,0,0
111,88,0,0.0,0,0
100,126,0,0.0,0,0
3,50,0,0.0,0,0
61,37,0,0.0,0,0
145,139,0,0.0,0,0
67,125,4,400.12,1,1
136,141,0,0.0,0,0
52,128,0,0.0,0,0
89,128,0,0.0,0,0
101,183,0,0.0,0,0
13,108,0,0.0,0,0
141,170,0,0.0,0,0
55,32,0,0.0,0,0
47,172,0,0.0,0,0
22,52,0,0.0,0,0
25,149,0,0.0,0,0
31,76,0,0.0,0,0
48,77,0,0.0,0,0
100,8,0,0.0,0,0
20,54,0,0.0,0,0
11,13,0,0.0,0,0
63,97,0,0.0,0,0
73,93,0,0.0,0,0
32,164,0,0.0,0,0
63,150,0,0.0,0,0
103,189,0,0.0,0,0
131,57,0,0.0,0,0
8,107,0,0.0,0,0
106,63,0,0.0,0,0
128,118,0,0.0,0,0
113,162,0,0.0,0,0
100,77,0,0.0,0,0
75,2,0,0.0,0,0
100,70,0,0.0,0,0
85,9,0,0.0,0,0
14,49,0,0.0,0,0
30,190,0,0.0,0,0
110,170,0,0.0,0,0
109,3,0,0.0,0,0
50,96,0,0.0,0,0
77,96,0,0.0,0,0
79,16,0,0.0,0,0
122,94,0,0.0,0,0
144,177,0,0.0,0,0
147,102,5,364.3,1,1
107,23,0,0.0,0,0
43,185,0,0.0,0,0
116,152,4,117.68,1,1
108,186,0,0.0,0,0
95,111,0,0.0,0,0
3,26,0,0.0,0,0
131,101,0,0.0,0,0
115,39,0,0.0,0,0
85,130,0,0.0,0,0
67,92,0,0.0,0,0
115,165,0,0.0,0,0
89,65,0,0.0,0,0
127,99,0,0.0,0,0
135,85,0,0.0,0,0
11,140,0,0.0,0,0
109,140,0,0.0,0,0
72,171,0,0.0,0,0
58,55,0,0.0,0,0
48,7,0,0.0,0,0
21,80,0,0.0,0,0
14,37,0,0.0,0,0
74,24,0,0.0,0,0
105,172,0,0.0,0,0
99,60,0,0.0,0,0
9,104,0,0.0,0,0
102,98,0,0.0,0,0
113,177,0,0.0,0,0
52,158,0,0.0,0,0
139,66,0,0.0,0,0
108,153,0,0.0,0,0
89,96,0,0.0,0,0
89,29,0,0.0,0,0
114,49,0,0.0,0,0
58,123,0,0.0,0,0
100,106,0,0.0,0,0
13,124,0,0.0,0,0
86,157,0,0.0,0,0
39,90,0,0.0,0,0
136,162,0,0.0,0,0
21,61,0,0.0,0,0
74,30,0,0.0,0,0
139,49,0,0.0,0,0
133,140,4,358.64,1,1
15,56,0,0.0,0,0
57,40,0,0.0,0,0
94,64,0,0.0,0,0
38,109,0,0.0,0,0
119,122,0,0.0,0,0
61,103,0,0.0,0,0
148,113,0,0.0,0,0
126,58,0,0.0,0,0
40,179,0,0.0,0,0
133,93,0,0.0,0,0
101,30,0,0.0,0,0
124,167,0,0.0,0,0
61,47,0,0.0,0,0
130,75,0,0.0,0,0
84,79,0,0.0,0,0
105,164,0,0.0,0,0
127,126,0,0.0,0,0
107,130,0,0.0,0,0
48,107,0,0.0,0,0
104,166,0,0.0,0,0
149,101,0,0.0,0,0
56,83,0,0.0,0,0
76,148,0,0.0,0,0
63,55,0,0.0,0,0
91,107,5,513.3,1,1
110,127,0,0.0,0,0
141,34,0,0.0,0,0
136,44,0,0.0,0,0
142,174,0,0.0,0,0
80,170,0,0.0,0,0
146,67,0,0.0,0,0
53,24,0,0.0,0,0
4,8,0,0.0,0,0
37,61,0,0.0,0,0
50,6,0,0.0,0,0
143,166,0,0.0,0,0
86,80,0,0.0,0,0
55,87,0,0.0,0,0
8,179,0,0.0,0,0
139,97,0,0.0,0,0
3,48,0,0.0,0,0
3,128,0,0.0,0,0
30,55,0,0.0,0,0
101,34,0,0.0,0,0
68,155,0,0.0,0,0
61,170,0,0.0,0,0
133,142,0,0.0,0,0
28,159,0,0.0,0,0
103,37,0,0.0,0,0
90,69,0,0.0,0,0
80,112,0,0.0,0,0
87,14,0,0.0,0,0
144,22,0,0.0,0,0
36,152,0,0.0,0,0
143,169,0,0.0,0,0
28,111,0,0.0,0,0
67,124,0,0.0,0,0
5,9,0,0.0,0,0
46,51,0,0.0,0,0
100,176,0,0.0,0,0
147,110,0,0.0,0,0
111,117,0,0.0,0,0
21,98,0,0.0,0,0
9,177,0,0.0,0,0
103,126,0,0.0,0,0
43,125,0,0.0,0,0
71,100,0,0.0,0,0
138,177,0,0.0,0,0
81,135,0,0.0,0,0
42,174,0,0.0,0,0
105,178,0,0.0,0,0
32,183,0,0.0,0,0
81,24,0,0.0,0,0
62,169,0,0.0,0,0
28,18,0,0.0,0,0
4,57,0,0.0,0,0
70,72,0,0.0,0,0
12,61,0,0.0,0,0
20,131,0,0.0,0,0
73,126,0,0.0,0,0
76,77,0,0.0,0,0
65,81,0,0.0,0,0
25,13,0,0.0,0,0
85,32,0,0.0,0,0
18,74,0,0.0,0,0
80,159,0,0.0,0,0
96,134,0,0.0,0,0
50,49,0,0.0,0,0
60,72,0,0.0,0,0
29,158,0,0.0,0,0
10,3,0,0.0,0,0
143,105,0,0.0,0,0
1,160,0,0.0,0,0
43,139,0,0.0,0,0
76,7,0,0.0,0,0
44,5,0,0.0,0,0
79,159,0,0.0,0,0
102,113,0,0.0,0,0
17,36,0,0.0,0,0
29,124,0,0.0,0,0
44,183,0,0.0,0,0
44,130,0,0.0,0,0
10,44,0,0.0,0,0
38,37,0,0.0,0,0
112,21,0,0.0,0,0
40,176,0,0.0,0,0
30,76,0,0.0,0,0
113,175,0,0.0,0,0
111,98,0,0.0,0,0
27,68,0,0.0,0,0
29,188,0,0.0,0,0
113,15,0,0.0,0,0
59,170,0,0.0,0,0
97,53,0,0.0,0,0
25,157,3,191.52,1,1
110,166,0,0.0,0,0
141,72,0,0.0,0,0
43,97,0,0.0,0,0
20,69,0,0.0,0,0
31,85,0,0.0,0,0
145,27,0,0.0,0,0
43,127,0,0.0,0,0
97,122,0,0.0,0,0
15,87,0,0.0,0,0
57,36,0,0.0,0,0
73,17,0,0.0,0,0
87,102,0,0.0,0,0
94,87,0,0.0,0,0
106,67,0,0.0,0,0
146,75,0,0.0,0,0
25,69,0,0.0,0,0
73,111,0,0.0,0,0
48,136,0,0.0,0,0
11,69,0,0.0,0,0
83,82,0,0.0,0,0
52,188,0,0.0,0,0
49,108,0,0.0,0,0
33,138,0,0.0,0,0
66,187,0,0.0,0,0
76,48,0,0.0,0,0
145,158,0,0.0,0,0
115,26,0,0.0,0,0
25,190,0,0.0,0,0
39,83,0,0.0,0,0
79,30,0,0.0,0,0
73,21,0,0.0,0,0
100,62,0,0.0,0,0
7,5,0,0.0,0,0
105,38,0,0.0,0,0
53,138,0,0.0,0,0
88,131,3,395.73,1,1
55,52,0,0.0,0,0
63,143,0,0.0,0,0
92,167,0,0.0,0,0
86,71,0,0.0,0,0
147,40,0,0.0,0,0
99,105,0,0.0,0,0
91,117,0,0.0,0,0
118,156,0,0.0,0,0
73,135,0,0.0,0,0
32,71,0,0.0,0,0
5,50,0,0.0,0,0
6,77,0,0.0,0,0
4,134,0,0.0,0,0
28,125,0,0.0,0,0
89,189,0,0.0,0,0
22,102,0,0.0,0,0
140,65,0,0.0,0,0
103,18,0,0.0,0,0
90,151,0,0.0,0,0
35,14,0,0.0,0,0
60,153,0,0.0,0,0
22,170,0,0.0,0,0
62,105,0,0.0,0,0
86,44,0,0.0,0,0
87,187,0,0.0,0,0
65,96,0,0.0,0,0
132,38,0,0.0,0,0
145,137,0,0.0,0,0
4,188,0,0.0,0,0
73,38,0,0.0,0,0
81,180,0,0.0,0,0
88,85,0,0.0,0,0
145,144,0,0.0,0,0
110,1,0,0.0,0,0
14,80,0,0.0,0,0
119,50,0,0.0,0,0
81,129,0,0.0,0,0
43,109,0,0.0,0,0
117,18,0,0.0,0,0
28,97,0,0.0,0,0
29,87,0,0.0,0,0
51,144,0,0.0,0,0
99,39,0,0.0,0,0
118,59,0,0.0,0,0
69,30,0,0.0,0,0
63,96,0,0.0,0,0
106,181,0,0.0,0,0
43,174,0,0.0,0,0
91,170,0,0.0,0,0
58,79,0,0.0,0,0
135,181,0,0.0,0,0
42,94,0,0.0,0,0
101,117,0,0.0,0,0
104,75,0,0.0,0,0
141,32,0,0.0,0,0
121,18,0,0.0,0,0
79,144,0,0.0,0,0
97,97,0,0.0,0,0
24,28,0,0.0,0,0
46,118,0,0.0,0,0
45,96,0,0.0,0,0
133,106,0,0.0,0,0
140,181,0,0.0,0,0
5,184,0,0.0,0,0
76,15,0,0.0,0,0
110,100,0,0.0,0,0
39,170,0,0.0,0,0
117,38,0,0.0,0,0
12,64,0,0.0,0,0
33,62,0,0.0,0,0
95,79,0,0.0,0,0
58,118,0,0.0,0,0
129,148,0,0.0,0,0
36,57,0,0.0,0,0
118,112,0,0.0,0,0
4,25,0,0.0,0,0
111,10,0,0.0,0,0
97,7,0,0.0,0,0
120,104,0,0.0,0,0
125,16,0,0.0,0,0
91,144,0,0.0,0,0
27,106,0,0.0,0,0
104,108,0,0.0,0,0
32,96,0,0.0,0,0
91,143,0,0.0,0,0
97,138,0,0.0,0,0
43,186,0,0.0,0,0
118,170,0,0.0,0,0
25,53,0,0.0,0,0
65,150,0,0.0,0,0
130,157,0,0.0,0,0
142,167,0,0.0,0,0
85,140,0,0.0,0,0
27,180,0,0.0,0,0
68,41,0,0.0,0,0
42,127,0,0.0,0,0
84,150,0,0.0,0,0
88,31,0,0.0,0,0
123,78,0,0.0,0,0
114,142,0,0.0,0,0
26,164,0,0.0,0,0
126,21,0,0.0,0,0
106,44,0,0.0,0,0
79,141,0,0.0,0,0
81,97,4,764.88,1,1
36,2,0,0.0,0,0
13,2,0,0.0,0,0
49,126,0,0.0,0,0
119,181,0,0.0,0,0
44,32,0,0.0,0,0
27,56,0,0.0,0,0
135,21,0,0.0,0,0
138,171,0,0.0,0,0
128,53,0,0.0,0,0
82,88,0,0.0,0,0
111,121,0,0.0,0,0
100,139,0,0.0,0,0
126,114,0,0.0,0,0
99,174,0,0.0,0,0
151,107,0,0.0,0,0
76,185,0,0.0,0,0
150,142,0,0.0,0,0
51,90,0,0.0,0,0
56,178,0,0.0,0,0
51,127,0,0.0,0,0
96,8,0,0.0,0,0
47,145,0,0.0,0,0
91,102,0,0.0,0,0
65,139,0,0.0,0,0
22,106,0,0.0,0,0
11,39,0,0.0,0,0
55,73,0,0.0,0,0
52,169,0,0.0,0,0
126,116,0,0.0,0,0
128,19,0,0.0,0,0
111,91,0,0.0,0,0
60,134,0,0.0,0,0
47,19,4,296.36,1,1
141,75,0,0.0,0,0
45,42,0,0.0,0,0
97,79,0,0.0,0,0
66,149,0,0.0,0,0
9,86,0,0.0,0,0
24,156,0,0.0,0,0
124,4,0,0.0,0,0
54,184,0,0.0,0,0
129,52,0,0.0,0,0
43,178,0,0.0,0,0
112,42,0,0.0,0,0
78,88,0,0.0,0,0
67,6,0,0.0,0,0
130,80,0,0.0,0,0
14,33,0,0.0,0,0
13,37,0,0.0,0,0
66,70,0,0.0,0,0
11,143,0,0.0,0,0
43,37,0,0.0,0,0
140,149,0,0.0,0,0
136,38,0,0.0,0,0
7,141,0,0.0,0,0
142,90,0,0.0,0,0
7,126,0,0.0,0,0
28,119,0,0.0,0,0
15,153,0,0.0,0,0
85,158,0,0.0,0,0
125,176,0,0.0,0,0
99,97,0,0.0,0,0
140,48,0,0.0,0,0
81,81,0,0.0,0,0
82,149,0,0.0,0,0
92,30,0,0.0,0,0
71,127,0,0.0,0,0
100,153,0,0.0,0,0
131,105,0,0.0,0,0
12,60,0,0.0,0,0
37,27,0,0.0,0,0
130,19,0,0.0,0,0
73,19,0,0.0,0,0
67,173,0,0.0,0,0
134,2,5,151.7,1,1
19,151,0,0.0,0,0
25,152,0,0.0,0,0
86,79,0,0.0,0,0
28,38,0,0.0,0,0
125,64,0,0.0,0,0
134,137,0,0.0,0,0
31,138,0,0.0,0,0
8,2,0,0.0,0,0
74,66,0,0.0,0,0
79,155,0,0.0,0,0
36,154,2,42.66,1,1
95,3,3,491.31,1,1
36,189,0,0.0,0,0
29,114,0,0.0,0,0
51,86,0,0.0,0,0
26,86,0,0.0,0,0
129,186,0,0.0,0,0
100,140,0,0.0,0,0
71,49,0,0.0,0,0
54,12,0,0.0,0,0
89,14,0,0.0,0,0
83,171,0,0.0,0,0
122,82,0,0.0,0,0
74,75,0,0.0,0,0
42,106,0,0.0,0,0
112,20,0,0.0,0,0
7,113,0,0.0,0,0
138,65,0,0.0,0,0
79,148,0,0.0,0,0
45,22,0,0.0,0,0
10,31,0,0.0,0,0
149,58,0,0.0,0,0
137,80,0,0.0,0,0
95,97,0,0.0,0,0
125,144,0,0.0,0,0
144,119,0,0.0,0,0
74,132,0,0.0,0,0
56,103,0,0.0,0,0
112,147,0,0.0,0,0
1,111,0,0.0,0,0
19,75,0,0.0,0,0
106,121,0,0.0,0,0
67,169,0,0.0,0,0
37,75,0,0.0,0,0
49,148,0,0.0,0,0
20,179,0,0.0,0,0
9,122,0,0.0,0,0
69,181,0,0.0,0,0
68,26,0,0.0,0,0
58,105,0,0.0,0,0
51,38,0,0.0,0,0
147,28,0,0.0,0,0
144,99,0,0.0,0,0
141,93,0,0.0,0,0
10,127,0,0.0,0,0
49,74,0,0.0,0,0
9,74,0,0.0,0,0
50,71,0,0.0,0,0
121,122,0,0.0,0,0
56,93,0,0.0,0,0
138,113,0,0.0,0,0
128,96,0,0.0,0,0
53,118,0,0.0,0,0
3,2,3,135.0,1,1
81,44,0,0.0,0,0
29,159,0,0.0,0,0
117,67,0,0.0,0,0
4,46,0,0.0,0,0
28,165,0,0.0,0,0
27,54,0,0.0,0,0
68,75,0,0.0,0,0
148,120,0,0.0,0,0
146,171,0,0.0,0,0
79,131,4,292.76,1,1
24,37,0,0.0,0,0
108,67,0,0.0,0,0
77,170,0,0.0,0,0
48,173,0,0.0,0,0
35,9,0,0.0,0,0
143,111,0,0.0,0,0
54,16,0,0.0,0,0
35,51,0,0.0,0,0
38,171,0,0.0,0,0
30,90,0,0.0,0,0
117,104,0,0.0,0,0
14,107,0,0.0,0,0
66,136,0,0.0,0,0
131,38,0,0.0,0,0
30,184,0,0.0,0,0
15,82,0,0.0,0,0
12,69,0,0.0,0,0
83,33,0,0.0,0,0
54,58,0,0.0,0,0
136,35,0,0.0,0,0
32,154,0,0.0,0,0
113,149,0,0.0,0,0
137,169,0,0.0,0,0
100,5,0,0.0,0,0
76,86,0,0.0,0,0
80,186,0,0.0,0,0
77,29,0,0.0,0,0
2,144,0,0.0,0,0
35,125,0,0.0,0,0
103,147,0,0.0,0,0
67,164,0,0.0,0,0
44,187,0,0.0,0,0
53,66,0,0.0,0,0
57,23,0,0.0,0,0
146,18,0,0.0,0,0
12,111,0,0.0,0,0
85,154,0,0.0,0,0
55,165,0,0.0,0,0
30,126,0,0.0,0,0
131,177,0,0.0,0,0
13,28,0,0.0,0,0
151,27,0,0.0,0,0
102,189,0,0.0,0,0
42,93,0,0.0,0,0
81,113,0,0.0,0,0
2,164,0,0.0,0,0
40,95,0,0.0,0,0
140,96,0,0.0,0,0
140,72,0,0.0,0,0
110,134,0,0.0,0,0
91,119,0,0.0,0,0
91,95,0,0.0,0,0
66,87,0,0.0,0,0
130,53,0,0.0,0,0
71,46,0,0.0,0,0
11,186,0,0.0,0,0
25,140,0,0.0,0,0
100,38,0,0.0,0,0
120,114,0,0.0,0,0
78,156,0,0.0,0,0
23,106,0,0.0,0,0
148,101,0,0.0,0,0
41,93,0,0.0,0,0
53,55,0,0.0,0,0
19,25,0,0.0,0,0
76,98,0,0.0,0,0
143,38,0,0.0,0,0
48,67,0,0.0,0,0
82,52,0,0.0,0,0
37,117,0,0.0,0,0
81,99,0,0.0,0,0
68,28,0,0.0,0,0
1,50,0,0.0,0,0
100,109,0,0.0,0,0
38,17,0,0.0,0,0
65,132,0,0.0,0,0
55,55,0,0.0,0,0
87,31,0,0.0,0,0
90,107,0,0.0,0,0
120,44,0,0.0,0,0
32,51,0,0.0,0,0
91,18,0,0.0,0,0
80,69,0,0.0,0,0
43,57,0,0.0,0,0
66,155,0,0.0,0,0
78,163,0,0.0,0,0
105,140,0,0.0,0,0
70,58,0,0.0,0,0
13,10,0,0.0,0,0
33,28,0,0.0,0,0
6,67,0,0.0,0,0
38,85,0,0.0,0,0
52,131,0,0.0,0,0
74,149,0,0.0,0,0
73,101,0,0.0,0,0
148,109,0,0.0,0,0
58,1,0,0.0,0,0
57,42,0,0.0,0,0
81,56,0,0.0,0,0
104,179,0,0.0,0,0
67,66,0,0.0,0,0
40,143,0,0.0,0,0
22,87,0,0.0,0,0
81,2,0,0.0,0,0
65,101,0,0.0,0,0
150,79,0,0.0,0,0
146,130,0,0.0,0,0
120,121,0,0.0,0,0
122,138,0,0.0,0,0
80,120,0,0.0,0,0
60,31,0,0.0,0,0
59,151,0,0.0,0,0
109,103,0,0.0,0,0
127,148,0,0.0,0,0
75,39,0,0.0,0,0
42,48,0,0.0,0,0
112,167,0,0.0,0,0
88,114,0,0.0,0,0
68,100,0,0.0,0,0
39,54,0,0.0,0,0
127,79,0,0.0,0,0
85,31,0,0.0,0,0
94,43,0,0.0,0,0
56,11,0,0.0,0,0
123,23,0,0.0,0,0
54,117,0,0.0,0,0
123,3,0,0.0,0,0
34,130,0,0.0,0,0
81,13,0,0.0,0,0
33,157,0,0.0,0,0
145,96,0,0.0,0,0
85,89,0,0.0,0,0
123,113,0,0.0,0,0
64,70,0,0.0,0,0
6,34,0,0.0,0,0
122,121,0,0.0,0,0
38,82,0,0.0,0,0
45,162,0,0.0,0,0
135,99,0,0.0,0,0
37,79,0,0.0,0,0
103,155,0,0.0,0,0
150,94,0,0.0,0,0
72,53,0,0.0,0,0
31,82,0,0.0,0,0
17,97,0,0.0,0,0
90,164,0,0.0,0,0
6,120,0,0.0,0,0
126,152,0,0.0,0,0
38,123,0,0.0,0,0
55,49,0,0.0,0,0
101,31,0,0.0,0,0
100,20,0,0.0,0,0
124,118,0,0.0,0,0
88,58,0,0.0,0,0
17,85,0,0.0,0,0
123,60,0,0.0,0,0
142,36,0,0.0,0,0
12,15,0,0.0,0,0
79,55,0,0.0,0,0
99,128,0,0.0,0,0
4,127,0,0.0,0,0
38,77,0,0.0,0,0
42,145,0,0.0,0,0
63,172,0,0.0,0,0
115,150,0,0.0,0,0
62,156,1,167.76,1,1
90,4,0,0.0,0,0
139,179,0,0.0,0,0
59,38,0,0.0,0,0
84,132,5,492.4,1,1
74,146,0,0.0,0,0
70,182,0,0.0,0,0
77,185,0,0.0,0,0
10,73,0,0.0,0,0
15,5,0,0.0,0,0
84,41,0,0.0,0,0
142,106,0,0.0,0,0
132,60,0,0.0,0,0
24,164,0,0.0,0,0
89,137,3,476.97,1,1
117,170,0,0.0,0,0
34,56,0,0.0,0,0
43,89,0,0.0,0,0
111,52,0,0.0,0,0
43,170,0,0.0,0,0
53,6,0,0.0,0,0
129,117,0,0.0,0,0
45,172,0,0.0,0,0
3,146,0,0.0,0,0
145,99,0,0.0,0,0
67,77,5,732.75,1,1
116,148,0,0.0,0,0
71,156,0,0.0,0,0
126,81,0,0.0,0,0
12,112,0,0.0,0,0
32,60,0,0.0,0,0
81,103,0,0.0,0,0
66,112,0,0.0,0,0
118,100,0,0.0,0,0
95,152,0,0.0,0,0
122,89,0,0.0,0,0
119,139,0,0.0,0,0
22,125,0,0.0,0,0
7,12,0,0.0,0,0
85,147,0,0.0,0,0
96,92,0,0.0,0,0
148,165,0,0.0,0,0
47,130,0,0.0,0,0
121,184,0,0.0,0,0
124,45,0,0.0,0,0
137,49,0,0.0,0,0
25,96,0,0.0,0,0
151,1,4,580.24,1,1
140,12,0,0.0,0,0
66,77,0,0.0,0,0
101,104,0,0.0,0,0
66,186,0,0.0,0,0
42,32,0,0.0,0,0
83,154,0,0.0,0,0
122,181,0,0.0,0,0
43,91,0,0.0,0,0
28,149,0,0.0,0,0
10,59,0,0.0,0,0
42,95,0,0.0,0,0
29,183,0,0.0,0,0
47,54,0,0.0,0,0
17,119,0,0.0,0,0
149,164,0,0.0,0,0
35,106,0,0.0,0,0
81,20,1,51.19,1,1
34,68,0,0.0,0,0
108,72,0,0.0,0,0
45,20,0,0.0,0,0
74,188,0,0.0,0,0
46,111,0,0.0,0,0
78,48,0,0.0,0,0
58,24,0,0.0,0,0
40,108,0,0.0,0,0
4,120,0,0.0,0,0
28,70,0,0.0,0,0
16,104,0,0.0,0,0
126,188,0,0.0,0,0
2,179,0,0.0,0,0
77,116,0,0.0,0,0
136,10,0,0.0,0,0
2,14,0,0.0,0,0
14,168,0,0.0,0,0
51,185,0,0.0,0,0
59,177,0,0.0,0,0
47,182,0,0.0,0,0
74,135,0,0.0,0,0
100,136,0,0.0,0,0
143,122,0,0.0,0,0
96,185,0,0.0,0,0
3,103,1,66.99,1,1
89,184,0,0.0,0,0
32,175,0,0.0,0,0
112,130,0,0.0,0,0
36,110,0,0.0,0,0
37,39,0,0.0,0,0
79,86,0,0.0,0,0
95,123,0,0.0,0,0
126,170,0,0.0,0,0
46,97,0,0.0,0,0
95,162,0,0.0,0,0
48,73,2,68.36,1,1
1,184,0,0.0,0,0
38,3,0,0.0,0,0
2,187,0,0.0,0,0
121,187,0,0.0,0,0
42,116,0,0.0,0,0
81,15,0,0.0,0,0
71,101,0,0.0,0,0
38,140,0,0.0,0,0
33,2,0,0.0,0,0
146,59,0,0.0,0,0
53,100,0,0.0,0,0
29,146,0,0.0,0,0
47,63,0,0.0,0,0
29,95,0,0.0,0,0
115,164,0,0.0,0,0
76,106,0,0.0,0,0
41,78,0,0.0,0,0
86,124,0,0.0,0,0
105,160,0,0.0,0,0
94,33,0,0.0,0,0
58,15,0,0.0,0,0
108,90,0,0.0,0,0
109,170,0,0.0,0,0
52,182,0,0.0,0,0
43,175,0,0.0,0,0
88,99,0,0.0,0,0
103,59,0,0.0,0,0
139,100,0,0.0,0,0
115,123,0,0.0,0,0
26,165,0,0.0,0,0
16,33,0,0.0,0,0
46,72,0,0.0,0,0
106,110,0,0.0,0,0
109,35,0,0.0,0,0
25,60,0,0.0,0,0
15,177,0,0.0,0,0
80,58,0,0.0,0,0
103,124,0,0.0,0,0
89,19,0,0.0,0,0
15,183,0,0.0,0,0
139,19,0,0.0,0,0
45,87,0,0.0,0,0
1,152,0,0.0,0,0
4,97,0,0.0,0,0
89,109,0,0.0,0,0
150,157,0,0.0,0,0
93,72,0,0.0,0,0
132,142,0,0.0,0,0
92,139,0,0.0,0,0
101,18,0,0.0,0,0
115,183,0,0.0,0,0
70,51,0,0.0,0,0
146,166,1,86.31,1,1
35,33,0,0.0,0,0
131,98,0,0.0,0,0
70,95,0,0.0,0,0
59,31,0,0.0,0,0
8,48,0,0.0,0,0
97,143,0,0.0,0,0
149,159,0,0.0,0,0
4,113,0,0.0,0,0
47,49,0,0.0,0,0
117,189,0,0.0,0,0
111,133,0,0.0,0,0
14,5,0,0.0,0,0
148,58,0,0.0,0,0
142,16,0,0.0,0,0
67,182,0,0.0,0,0
111,8,0,0.0,0,0
100,91,4,469.6,1,1
88,4,0,0.0,0,0
62,147,0,0.0,0,0
76,101,0,0.0,0,0
107,63,0,0.0,0,0
66,71,0,0.0,0,0
63,125,1,100.03,1,1
120,128,0,0.0,0,0
125,47,0,0.0,0,0
70,80,0,0.0,0,0
92,126,0,0.0,0,0
121,14,0,0.0,0,0
6,155,0,0.0,0,0
23,187,0,0.0,0,0
56,186,0,0.0,0,0
12,105,0,0.0,0,0
124,184,0,0.0,0,0
86,122,0,0.0,0,0
97,117,0,0.0,0,0
8,61,0,0.0,0,0
17,120,0,0.0,0,0
29,152,0,0.0,0,0
17,81,0,0.0,0,0
100,131,0,0.0,0,0
86,100,0,0.0,0,0
91,182,0,0.0,0,0
48,131,0,0.0,0,0
15,46,0,0.0,0,0
38,72,0,0.0,0,0
122,16,0,0.0,0,0
138,74,0,0.0,0,0
77,139,0,0.0,0,0
40,135,0,0.0,0,0
103,69,0,0.0,0,0
123,91,0,0.0,0,0
109,51,0,0.0,0,0
45,2,0,0.0,0,0
66,18,0,0.0,0,0
67,64,0,0.0,0,0
136,135,0,0.0,0,0
69,159,0,0.0,0,0
104,186,0,0.0,0,0
116,17,0,0.0,0,0
117,187,0,0.0,0,0
118,16,0,0.0,0,0
124,73,0,0.0,0,0
80,119,0,0.0,0,0
150,39,0,0.0,0,0
49,89,0,0.0,0,0
19,185,0,0.0,0,0
105,112,0,0.0,0,0
5,68,0,0.0,0,0
45,149,0,0.0,0,0
52,163,0,0.0,0,0
75,139,0,0.0,0,0
33,94,0,0.0,0,0
108,144,0,0.0,0,0
59,113,0,0.0,0,0
132,37,0,0.0,0,0
4,31,0,0.0,0,0
81,169,0,0.0,0,0
59,68,0,0.0,0,0
75,142,0,0.0,0,0
23,69,0,0.0,0,0
57,132,0,0.0,0,0
70,114,0,0.0,0,0
86,155,0,0.0,0,0
124,104,0,0.0,0,0
101,70,0,0.0,0,0
86,106,0,0.0,0,0
85,15,0,0.0,0,0
147,166,0,0.0,0,0
95,146,0,0.0,0,0
99,123,0,0.0,0,0
122,51,0,0.0,0,0
16,76,0,0.0,0,0
9,80,0,0.0,0,0
106,39,0,0.0,0,0
17,151,0,0.0,0,0
6,21,0,0.0,0,0
2,170,0,0.0,0,0
37,105,0,0.0,0,0
38,75,0,0.0,0,0
23,189,0,0.0,0,0
47,114,0,0.0,0,0
50,58,0,0.0,0,0
151,165,0,0.0,0,0
140,87,0,0.0,0,0
94,123,0,0.0,0,0
64,116,0,0.0,0,0
107,175,0,0.0,0,0
61,16,0,0.0,0,0
103,17,0,0.0,0,0
10,87,0,0.0,0,0
74,165,0,0.0,0,0
86,87,0,0.0,0,0
126,154,0,0.0,0,0
37,63,0,0.0,0,0
12,13,0,0.0,0,0
116,88,0,0.0,0,0
16,155,0,0.0,0,0
74,119,0,0.0,0,0
47,100,0,0.0,0,0
99,4,0,0.0,0,0
111,183,0,0.0,0,0
144,131,0,0.0,0,0
80,79,0,0.0,0,0
93,87,0,0.0,0,0
133,33,0,0.0,0,0
99,157,0,0.0,0,0
64,32,0,0.0,0,0
100,174,0,0.0,0,0
25,121,0,0.0,0,0
44,140,0,0.0,0,0
124,86,0,0.0,0,0
18,102,0,0.0,0,0
77,23,0,0.0,0,0
33,132,0,0.0,0,0
65,129,0,0.0,0,0
150,164,0,0.0,0,0
94,119,0,0.0,0,0
150,134,0,0.0,0,0
108,171,0,0.0,0,0
22,75,0,0.0,0,0
35,166,0,0.0,0,0
51,163,0,0.0,0,0
5,65,0,0.0,0,0
93,105,0,0.0,0,0
64,61,0,0.0,0,0
11,74,3,434.79,1,1
72,148,0,0.0,0,0
28,41,0,0.0,0,0
150,148,0,0.0,0,0
67,88,0,0.0,0,0
20,180,0,0.0,0,0
2,18,0,0.0,0,0
8,184,0,0.0,0,0
34,99,0,0.0,0,0
15,29,0,0.0,0,0
115,69,0,0.0,0,0
47,118,0,0.0,0,0
41,18,0,0.0,0,0
73,52,0,0.0,0,0
1,144,0,0.0,0,0
62,50,0,0.0,0,0
99,59,1,127.96,1,1
22,121,0,0.0,0,0
67,1,0,0.0,0,0
103,131,0,0.0,0,0
130,155,0,0.0,0,0
78,180,0,0.0,0,0
6,60,0,0.0,0,0
90,18,0,0.0,0,0
136,110,0,0.0,0,0
54,19,0,0.0,0,0
58,43,0,0.0,0,0
90,167,0,0.0,0,0
100,19,2,281.92,1,1
112,99,0,0.0,0,0
67,63,0,0.0,0,0
67,148,0,0.0,0,0
102,1,0,0.0,0,0
106,83,0,0.0,0,0
92,182,0,0.0,0,0
139,68,1,30.85,1,1
116,73,0,0.0,0,0
70,171,0,0.0,0,0
95,4,0,0.0,0,0
138,179,0,0.0,0,0
61,97,0,0.0,0,0
6,107,0,0.0,0,0
43,167,0,0.0,0,0
134,127,0,0.0,0,0
50,21,0,0.0,0,0
68,69,0,0.0,0,0
140,68,0,0.0,0,0
145,113,0,0.0,0,0
21,106,0,0.0,0,0
36,56,0,0.0,0,0
129,20,0,0.0,0,0
119,48,0,0.0,0,0
33,17,0,0.0,0,0
131,43,0,0.0,0,0
114,76,0,0.0,0,0
99,57,0,0.0,0,0
115,117,0,0.0,0,0
83,2,0,0.0,0,0
26,128,0,0.0,0,0
20,25,0,0.0,0,0
61,79,0,0.0,0,0
41,22,0,0.0,0,0
28,107,0,0.0,0,0
15,51,0,0.0,0,0
61,96,0,0.0,0,0
105,59,0,0.0,0,0
113,55,0,0.0,0,0
49,106,0,0.0,0,0
3,131,0,0.0,0,0
111,59,0,0.0,0,0
22,149,0,0.0,0,0
148,183,0,0.0,0,0
149,20,0,0.0,0,0
12,104,0,0.0,0,0
101,50,0,0.0,0,0
100,57,0,0.0,0,0
2,182,0,0.0,0,0
44,105,0,0.0,0,0
139,159,0,0.0,0,0
112,62,0,0.0,0,0
67,103,0,0.0,0,0
35,153,0,0.0,0,0
106,14,0,0.0,0,0
103,184,0,0.0,0,0
66,19,0,0.0,0,0
46,155,0,0.0,0,0
63,52,0,0.0,0,0
54,5,0,0.0,0,0
112,109,0,0.0,0,0
19,74,0,0.0,0,0
19,154,0,0.0,0,0
112,186,0,0.0,0,0
125,25,0,0.0,0,0
66,182,0,0.0,0,0
87,116,0,0.0,0,0
151,62,0,0.0,0,0
44,168,0,0.0,0,0
79,188,2,287.34,1,1
45,8,0,0.0,0,0
88,95,0,0.0,0,0
97,10,0,0.0,0,0
33,70,0,0.0,0,0
109,136,0,0.0,0,0
32,70,0,0.0,0,0
26,162,0,0.0,0,0
20,3,4,164.88,1,1
20,6,0,0.0,0,0
129,166,0,0.0,0,0
11,33,0,0.0,0,0
88,13,0,0.0,0,0
5,48,0,0.0,0,0
147,116,0,0.0,0,0
68,144,0,0.0,0,0
91,20,0,0.0,0,0
96,97,0,0.0,0,0
88,159,0,0.0,0,0
14,19,4,110.8,1,1
149,105,0,0.0,0,0
92,44,5,912.5,1,1
23,131,3,391.32,1,1
18,112,0,0.0,0,0
66,55,0,0.0,0,0
59,54,0,0.0,0,0
27,176,0,0.0,0,0
144,60,0,0.0,0,0
91,90,0,0.0,0,0
46,62,0,0.0,0,0
133,20,0,0.0,0,0
20,185,0,0.0,0,0
17,82,0,0.0,0,0
105,68,0,0.0,0,0
59,2,0,0.0,0,0
79,33,0,0.0,0,0
31,166,0,0.0,0,0
150,145,0,0.0,0,0
47,184,0,0.0,0,0
122,175,0,0.0,0,0
51,119,0,0.0,0,0
74,111,0,0.0,0,0
22,123,0,0.0,0,0
23,151,0,0.0,0,0
128,165,0,0.0,0,0
114,157,4,494.16,1,1
87,24,0,0.0,0,0
7,151,0,0.0,0,0
123,45,0,0.0,0,0
80,35,0,0.0,0,0
118,190,0,0.0,0,0
96,153,0,0.0,0,0
57,6,0,0.0,0,0
47,187,0,0.0,0,0
137,36,0,0.0,0,0
48,149,0,0.0,0,0
84,145,0,0.0,0,0
43,25,0,0.0,0,0
59,23,0,0.0,0,0
54,114,0,0.0,0,0
138,25,0,0.0,0,0
44,91,0,0.0,0,0
7,150,0,0.0,0,0
34,136,0,0.0,0,0
8,131,0,0.0,0,0
142,152,0,0.0,0,0
9,10,0,0.0,0,0
135,91,0,0.0,0,0
82,12,0,0.0,0,0
117,13,0,0.0,0,0
137,55,0,0.0,0,0
135,45,0,0.0,0,0
18,27,0,0.0,0,0
16,64,0,0.0,0,0
100,100,0,0.0,0,0
148,126,0,0.0,0,0
133,172,0,0.0,0,0
110,32,0,0.0,0,0
22,43,0,0.0,0,0
1,123,0,0.0,0,0
10,96,0,0.0,0,0
22,94,0,0.0,0,0
40,86,0,0.0,0,0
118,160,0,0.0,0,0
99,41,0,0.0,0,0
100,149,0,0.0,0,0
41,71,0,0.0,0,0
27,96,0,0.0,0,0
43,61,0,0.0,0,0
71,5,0,0.0,0,0
20,168,0,0.0,0,0
41,9,0,0.0,0,0
42,157,3,242.4,1,1
123,154,0,0.0,0,0
132,6,0,0.0,0,0
146,180,0,0.0,0,0
69,116,0,0.0,0,0
147,52,0,0.0,0,0
22,22,0,0.0,0,0
7,70,0,0.0,0,0
102,42,0,0.0,0,0
139,31,0,0.0,0,0
114,146,0,0.0,0,0
131,86,0,0.0,0,0
32,104,0,0.0,0,0
76,160,0,0.0,0,0
112,58,0,0.0,0,0
28,76,0,0.0,0,0
22,83,0,0.0,0,0
47,141,0,0.0,0,0
104,168,0,0.0,0,0
2,166,0,0.0,0,0
142,137,0,0.0,0,0
88,21,0,0.0,0,0
83,148,0,0.0,0,0
142,130,0,0.0,0,0
58,183,0,0.0,0,0
104,99,0,0.0,0,0
33,8,0,0.0,0,0
52,56,0,0.0,0,0
19,70,0,0.0,0,0
96,144,0,0.0,0,0
121,189,0,0.0,0,0
64,42,0,0.0,0,0
43,114,0,0.0,0,0
139,189,0,0.0,0,0
97,129,0,0.0,0,0
63,174,0,0.0,0,0
124,127,0,0.0,0,0
32,19,0,0.0,0,0
128,73,0,0.0,0,0
67,104,0,0.0,0,0
123,17,0,0.0,0,0
140,116,0,0.0,0,0
106,34,0,0.0,0,0
122,116,0,0.0,0,0
132,39,0,0.0,0,0
77,142,0,0.0,0,0
113,106,0,0.0,0,0
44,112,0,0.0,0,0
120,8,0,0.0,0,0
40,144,0,0.0,0,0
16,90,0,0.0,0,0
9,41,0,0.0,0,0
13,144,0,0.0,0,0
59,144,0,0.0,0,0
12,18,0,0.0,0,0
90,53,0,0.0,0,0
64,94,0,0.0,0,0
75,102,0,0.0,0,0
141,185,0,0.0,0,0
95,67,0,0.0,0,0
102,11,0,0.0,0,0
106,176,0,0.0,0,0
149,50,0,0.0,0,0
139,88,0,0.0,0,0
145,71,0,0.0,0,0
60,70,0,0.0,0,0
114,149,0,0.0,0,0
21,10,0,0.0,0,0
55,177,0,0.0,0,0
142,144,0,0.0,0,0
3,159,0,0.0,0,0
19,92,0,0.0,0,0
65,174,0,0.0,0,0
151,71,0,0.0,0,0
150,163,0,0.0,0,0
125,162,0,0.0,0,0
48,124,0,0.0,0,0
116,117,0,0.0,0,0
58,47,0,0.0,0,0
10,133,0,0.0,0,0
41,92,0,0.0,0,0
112,96,0,0.0,0,0
10,61,0,0.0,0,0
122,2,0,0.0,0,0
139,38,0,0.0,0,0
143,149,0,0.0,0,0
103,47,0,0.0,0,0
8,157,0,0.0,0,0
102,59,0,0.0,0,0
34,116,0,0.0,0,0
9,97,0,0.0,0,0
114,85,0,0.0,0,0
46,67,0,0.0,0,0
86,111,0,0.0,0,0
5,185,0,0.0,0,0
129,5,0,0.0,0,0
100,135,0,0.0,0,0
125,132,0,0.0,0,0
112,103,0,0.0,0,0
150,189,0,0.0,0,0
116,19,0,0.0,0,0
39,105,0,0.0,0,0
68,179,0,0.0,0,0
103,39,0,0.0,0,0
36,80,0,0.0,0,0
93,169,0,0.0,0,0
17,45,0,0.0,0,0
110,31,0,0.0,0,0
127,3,0,0.0,0,0
114,104,0,0.0,0,0
20,18,0,0.0,0,0
85,48,0,0.0,0,0
45,141,0,0.0,0,0
10,9,0,0.0,0,0
21,175,0,0.0,0,0
88,138,0,0.0,0,0
128,123,0,0.0,0,0
71,165,0,0.0,0,0
49,105,0,0.0,0,0
67,189,0,0.0,0,0
43,86,0,0.0,0,0
98,114,0,0.0,0,0
45,155,0,0.0,0,0
114,152,0,0.0,0,0
